SUBSTATION,SETTLEMENT_LOAD_ZONE
BUBORA,LZ_SOUTH
DUPV1,LZ_SOUTH
HWF,LZ_WEST
VICTORIA,LZ_SOUTH
F5,LZ_SOUTH
DOWGEN,LZ_HOUSTON
LOOKOUT,LZ_NORTH
PRSPERO2,LZ_WEST
SHELBY,LZ_NORTH
MRSDO,LZ_NORTH
NCO,LZ_HOUSTON
CNPOI,LZ_WEST
ENDPARKS,LZ_WEST
SANDRSON,LZ_WEST
TNDOWNIE,LZ_WEST
MAYFD,LZ_NORTH
CHISMGRD,LZ_NORTH
REDBF,LZ_WEST
E3,LZ_SOUTH
TZPOI,LZ_WEST
PAYNE,LZ_NORTH
LKBLT,LZ_NORTH
MADERO,LZ_SOUTH
NEVAD_RC,LZ_NORTH
LNCRK,LZ_WEST
CAMPBELL,LZ_NORTH
HHOLLOW3,LZ_WEST
ROSELAND,LZ_NORTH
IOWPK,LZ_WEST
MOZART,LZ_WEST
DOW,LZ_HOUSTON
COMBINRC,LZ_NORTH
SL,LZ_HOUSTON
A5,LZ_SOUTH
W1,LZ_SOUTH
BIGHIL,LZ_WEST
X4,LZ_SOUTH
MILTON,LZ_SOUTH
L2,LZ_SOUTH
CYPRCR,LZ_SOUTH
MERIDIAN,LZ_NORTH
HUTTO,LZ_SOUTH
BRP_PBL2,LZ_SOUTH
HUTCH,LZ_NORTH
MOULSO,LZ_SOUTH
FM237Y,LZ_SOUTH
FRNYW_RC,LZ_NORTH
NF_BRP,LZ_SOUTH
TKWSW,LZ_WEST
NA,LZ_HOUSTON
CSEC,LZ_WEST
ROUTE_66,LZ_WEST
GAMBIT,LZ_HOUSTON
BHILL,LZ_WEST
SPLAIN2,LZ_WEST
MIRASOLE,LZ_SOUTH
TAYGETE2,LZ_WEST
SOLSTICE,LZ_WEST
CFLATS,LZ_WEST
WLVSW,LZ_WEST
IR,LZ_HOUSTON
RUS,LZ_HOUSTON
SEGUIN,LZ_SOUTH
YELWJCKT,LZ_WEST
THOMASTN,LZ_SOUTH
OLEANDER,LZ_SOUTH
ALMC,LZ_WEST
RDWELLS,LZ_NORTH
DUNSW,LZ_WEST
BLBSW,LZ_WEST
BLSUMMIT,LZ_WEST
WEBBER_S,LZ_SOUTH
SLCNHLS,LZ_SOUTH
RLKSW,LZ_WEST
WDDSW,LZ_NORTH
BUCHAN,LZ_SOUTH
TRSES,LZ_NORTH
RUSSEKST,LZ_WEST
WHITFLAT,LZ_WEST
REROCK,LZ_WEST
ESPERA,LZ_SOUTH
TKWSW1,LZ_WEST
BAKESW,LZ_WEST
CAPRIDGE,LZ_WEST
PINNAC,LZ_WEST
SOUTHMOS,LZ_SOUTH
UCC_COGN,LZ_HOUSTON
NCARBIDE,LZ_SOUTH
SOUTHBRA,LZ_SOUTH
WHMESA,LZ_WEST
CEDROHIL,LZ_SOUTH
TAM,LZ_NORTH
TUNACR,LZ_WEST
BLUMEN,LZ_SOUTH
BRUNDGS,LZ_SOUTH
LONG,LZ_NORTH
LOSTPINE,LZ_SOUTH
RICOCHET,LZ_NORTH
RILEY,LZ_WEST
LOBO,LZ_SOUTH
NOTSW,LZ_WEST
U4,LZ_SOUTH
D0,LZ_SOUTH
JACKCNTY,LZ_NORTH
WIRTZ,LZ_SOUTH
GALOTA,LZ_SOUTH
BRINKER,LZ_NORTH
CIEN,LZ_WEST
BONBRAE,LZ_NORTH
COOPERCK,LZ_NORTH
N_LAKE_D,LZ_NORTH
FTWORTH,LZ_NORTH
LOCUST_D,LZ_NORTH
MOSSW,LZ_WEST
ODEHV,LZ_WEST
KEO,LZ_WEST
STILES,LZ_WEST
BARL,LZ_WEST
COMSO,LZ_NORTH
BEECREEK,LZ_SOUTH
PECV,LZ_WEST
BLUEACRE,LZ_WEST
P66SUB12,LZ_HOUSTON
BRP_ZPT1,LZ_SOUTH
MOTORM,LZ_WEST
SPTX12B,LZ_WEST
BNDRA,LZ_NORTH
EDNAS,LZ_SOUTH
WSINTOS,LZ_SOUTH
SILVER_H,LZ_NORTH
89NWK,LZ_NORTH
CK,LZ_HOUSTON
DESSAU,LZ_SOUTH
ECEC,LZ_WEST
STHLMESA,LZ_WEST
PALMAS,LZ_SOUTH
A3,LZ_SOUTH
A4,LZ_SOUTH
HENDRICK,LZ_WEST
ABBOT,LZ_NORTH
ABBYBEND,LZ_NORTH
CANYONRO,LZ_WEST
DYESS1AB,LZ_WEST
DYESS2AB,LZ_WEST
DYESS3AB,LZ_WEST
ABEAST,LZ_WEST
HARTFORD,LZ_WEST
ABINDUST,LZ_WEST
ABLSPRRC,LZ_NORTH
MULBERRY,LZ_WEST
MAPLESTR,LZ_WEST
ABNTHWST,LZ_WEST
OILMILL,LZ_WEST
OVERSTRE,LZ_WEST
ABPOWERS,LZ_WEST
ABRRD,LZ_NORTH
ROBERSON,LZ_WEST
SOUTHABI,LZ_WEST
ABWALNUT,LZ_WEST
WTEXGULF,LZ_WEST
ACACIA,LZ_WEST
ACH,LZ_HOUSTON
ACRLY,LZ_WEST
ALYNT,LZ_WEST
ACKRLY,LZ_WEST
ACME,LZ_WEST
ACT,LZ_NORTH
ADERHOLD,LZ_SOUTH
ADK,LZ_HOUSTON
ADMDS,LZ_WEST
ADISN,LZ_NORTH
ADVANCE1,LZ_NORTH
ADVANCE,LZ_SOUTH
AD,LZ_HOUSTON
AEEC,LZ_WEST
STILLMAN,LZ_SOUTH
AE,LZ_HOUSTON
AFTON,LZ_WEST
AF,LZ_HOUSTON
AGNES,LZ_NORTH
REDGATE,LZ_SOUTH
AGUAYO,LZ_NORTH
AILEEN,LZ_WEST
AIRPRTRD,LZ_WEST
AIRCO,LZ_NORTH
AIRLINE,LZ_SOUTH
ARLQD,LZ_NORTH
ARLQE,LZ_NORTH
AIRPK,LZ_WEST
AIRPORT,LZ_SOUTH
ARPRD,LZ_NORTH
AIRP,LZ_WEST
AIR_LIQC,LZ_SOUTH
AI,LZ_HOUSTON
AJAXWIND,LZ_WEST
AJO,LZ_SOUTH
WINDMILL,LZ_WEST
AJ_SWOPE,LZ_WEST
HUD,LZ_HOUSTON
AK,LZ_HOUSTON
P1,LZ_SOUTH
ALAZAN,LZ_SOUTH
ALBANY,LZ_WEST
ALBNY_FD,LZ_WEST
ALCOA,LZ_SOUTH
ALCON,LZ_NORTH
ALCORN,LZ_NORTH
ANTSS_RC,LZ_NORTH
ALDTU,LZ_NORTH
ALEDO,LZ_NORTH
ALGODON,LZ_SOUTH
ALHUB_RC,LZ_NORTH
ALIBATES,LZ_WEST
ALICE,LZ_SOUTH
ALIQUING,LZ_SOUTH
ALKLK,LZ_WEST
ALK,LZ_HOUSTON
ALLEN,LZ_NORTH
ALNSW,LZ_NORTH
ALNTH,LZ_NORTH
ALLNC,LZ_NORTH
ALISN,LZ_NORTH
OCI_ALM1,LZ_SOUTH
ALN_CRK,LZ_WEST
ALOES,LZ_SOUTH
BRONCO,LZ_WEST
ALPHA,LZ_NORTH
ALPHA_VA,LZ_SOUTH
ALPINE,LZ_WEST
ALTON_MV,LZ_SOUTH
ALTUDA,LZ_WEST
ALVDO,LZ_NORTH
ALVIN,LZ_HOUSTON
ALVRD,LZ_NORTH
AL,LZ_HOUSTON
AMADEUS1,LZ_WEST
AMADEUS2,LZ_WEST
AMBR,LZ_WEST
W3,LZ_SOUTH
AMLIA,LZ_NORTH
AMGAS,LZ_NORTH
AMISTAD,LZ_SOUTH
AMISTD,LZ_SOUTH
NCWAM,LZ_WEST
AMOCOOIL,LZ_HOUSTON
AMOCO,LZ_WEST
MDFAM,LZ_WEST
AMOSCR,LZ_WEST
SFAMO,LZ_WEST
AM,LZ_HOUSTON
AMMFG,LZ_NORTH
ANSON1,LZ_WEST
ANACACHO,LZ_SOUTH
ANARN,LZ_WEST
ANASE,LZ_NORTH
ANCHOR,LZ_NORTH
L0,LZ_SOUTH
ANDICE,LZ_SOUTH
ANDMDSLR,LZ_WEST
ANDRD,LZ_WEST
ANNETTA,LZ_NORTH
ANGLETON,LZ_HOUSTON
ANGUS,LZ_SOUTH
ANASW,LZ_NORTH
ANNA_RC,LZ_NORTH
ANNA_ST,LZ_SOUTH
ANPOI,LZ_WEST
ANSN,LZ_WEST
ANSO,LZ_WEST
ANTLR,LZ_NORTH
AN,LZ_HOUSTON
APACHE,LZ_HOUSTON
APOGEE,LZ_WEST
APPALOSA,LZ_WEST
APPLE,LZ_WEST
AQUILLA,LZ_NORTH
ARAGORN,LZ_WEST
ARANSASP,LZ_SOUTH
ARCADIA,LZ_SOUTH
ARCTY,LZ_WEST
CRNAR,LZ_WEST
ARGYL,LZ_NORTH
ARLNG,LZ_NORTH
ARM,LZ_HOUSTON
ARMST,LZ_NORTH
ARMSTRON,LZ_SOUTH
ARPCM,LZ_NORTH
ARPMN,LZ_NORTH
ARROTT,LZ_WEST
AROWHEAD,LZ_WEST
ARTHR,LZ_WEST
ARYSW,LZ_WEST
AR,LZ_HOUSTON
ASHERTON,LZ_SOUTH
CATARINA,LZ_SOUTH
ASHSW,LZ_NORTH
ASPERM9,LZ_WEST
ASPHALT,LZ_SOUTH
ASPIRE,LZ_NORTH
ASPM,LZ_WEST
ASTRA,LZ_WEST
ATBR,LZ_WEST
ATHNS,LZ_NORTH
ATHNW,LZ_NORTH
ATKINS,LZ_NORTH
DFWBE,LZ_NORTH
ATNRN,LZ_NORTH
ATSO,LZ_WEST
SONR,LZ_WEST
AT,LZ_HOUSTON
ABR,LZ_NORTH
AUDUBON,LZ_NORTH
AURORA,LZ_NORTH
AUSTPL,LZ_SOUTH
D2,LZ_SOUTH
AUSTIN,LZ_SOUTH
AUSTRO,LZ_SOUTH
CBEC,LZ_SOUTH
DIVIDE,LZ_WEST
MCSES,LZ_NORTH
SCSES,LZ_NORTH
WOODWRD1,LZ_WEST
LAREDO,LZ_SOUTH
GASCCR,LZ_WEST
QALSW,LZ_WEST
STP,LZ_SOUTH
OLINGR,LZ_NORTH
AU,LZ_HOUSTON
AVERRA,LZ_SOUTH
AVIATOR,LZ_WEST
BRAUNIG,LZ_SOUTH
AV,LZ_HOUSTON
SPPKM,LZ_WEST
AYERS,LZ_NORTH
AZLES,LZ_NORTH
AZURE,LZ_WEST
AZ,LZ_HOUSTON
BUCSW,LZ_NORTH
STMBOAT,LZ_WEST
WHIT_RVR,LZ_WEST
JAMESROW,LZ_SOUTH
GAUSS,LZ_WEST
EDITHCLA,LZ_WEST
RAILROAD,LZ_SOUTH
B3,LZ_SOUTH
B4,LZ_SOUTH
HELIOSCR,LZ_WEST
BAC,LZ_HOUSTON
BADER,LZ_SOUTH
BAFFIN,LZ_SOUTH
BAGWL,LZ_NORTH
BAIRDWND,LZ_NORTH
BAIRD,LZ_WEST
BAKKE,LZ_WEST
BALYVILL,LZ_NORTH
BALLINGE,LZ_WEST
Z4,LZ_SOUTH
BLSRA,LZ_NORTH
O2,LZ_SOUTH
BANDER,LZ_SOUTH
BANGS,LZ_NORTH
BANQUETE,LZ_SOUTH
BARCLAY,LZ_NORTH
BIL,LZ_HOUSTON
BAR,LZ_HOUSTON
BARNHART,LZ_WEST
BARNW,LZ_WEST
BARNHRT,LZ_WEST
BARROW,LZ_WEST
BARRYBC,LZ_NORTH
BARRY,LZ_NORTH
BARSW,LZ_WEST
BARTLETT,LZ_NORTH
BARTON,LZ_SOUTH
BR_ARROW,LZ_NORTH
BSF,LZ_HOUSTON
BASTEN,LZ_SOUTH
BATCAVE,LZ_SOUTH
PALODURO,LZ_SOUTH
BATESVL,LZ_SOUTH
BATES,LZ_SOUTH
BAYCTYS,LZ_SOUTH
BAY_CITY,LZ_SOUTH
BAYLC,LZ_NORTH
BYU,LZ_HOUSTON
BA,LZ_HOUSTON
ECMORN,LZ_SOUTH
RRDSW,LZ_NORTH
RAYSW,LZ_NORTH
ROMNEY,LZ_NORTH
BURSW,LZ_WEST
HGRSW,LZ_NORTH
KRWSW,LZ_NORTH
REATA,LZ_NORTH
SLKSW,LZ_WEST
CAPRIDG4,LZ_WEST
RCLNS,LZ_NORTH
POKSW,LZ_NORTH
FLRSW,LZ_WEST
BBGRAV,LZ_SOUTH
BBMN2,LZ_NORTH
PRSSW,LZ_NORTH
BBP,LZ_HOUSTON
MAGICVAL,LZ_SOUTH
BBSES,LZ_NORTH
SUNOCORC,LZ_NORTH
MNTLB2RC,LZ_NORTH
RIO_GRDE,LZ_SOUTH
BRTNSSRC,LZ_NORTH
BCATWIND,LZ_WEST
BCRSW,LZ_SOUTH
BCESW,LZ_NORTH
BCH,LZ_HOUSTON
BSPRG,LZ_NORTH
BCK,LZ_HOUSTON
BCPOI,LZ_NORTH
BC,LZ_HOUSTON
BOARDCRK,LZ_NORTH
BDFWD,LZ_NORTH
BRCRK,LZ_NORTH
BRGRS,LZ_NORTH
BEAST,LZ_NORTH
BEA,LZ_HOUSTON
BBREEZE,LZ_SOUTH
Z0,LZ_SOUTH
RAYBAR,LZ_SOUTH
BDFRD,LZ_NORTH
BED,LZ_NORTH
BEECRE,LZ_SOUTH
BEEK,LZ_SOUTH
BEPRISS,LZ_SOUTH
BEEVLES,LZ_SOUTH
BEEVILLE,LZ_SOUTH
BI,LZ_HOUSTON
BELCNTY,LZ_NORTH
BELD,LZ_WEST
BELLSO,LZ_SOUTH
BELSN_RC,LZ_NORTH
BELMT,LZ_NORTH
BLTON,LZ_NORTH
BLTSW,LZ_NORTH
BENBOLT,LZ_SOUTH
BNBSW,LZ_NORTH
BNDVS,LZ_NORTH
BENFICKL,LZ_WEST
BHR,LZ_NORTH
BENJAMIN,LZ_WEST
BENTSEN,LZ_SOUTH
BEN,LZ_HOUSTON
BERCLAIR,LZ_SOUTH
BERGHE,LZ_SOUTH
BERGSTRO,LZ_SOUTH
BER,LZ_HOUSTON
HRBESS,LZ_WEST
LILY,LZ_NORTH
BLUEJAY,LZ_NORTH
BETHEL,LZ_NORTH
BETOS,LZ_NORTH
BET,LZ_HOUSTON
BE,LZ_HOUSTON
BLUFFSPG,LZ_SOUTH
BFP,LZ_HOUSTON
BG,LZ_HOUSTON
BHELI,LZ_NORTH
BH,LZ_HOUSTON
BTHOD,LZ_WEST
BIGFOTS,LZ_SOUTH
BIG_FOOT,LZ_SOUTH
BIGLAKE,LZ_WEST
BIGOAK,LZ_SOUTH
BSPRW,LZ_WEST
BSPSW,LZ_WEST
BIG_STAR,LZ_SOUTH
BIGTRE,LZ_SOUTH
BCV,LZ_HOUSTON
BIG_WELL,LZ_SOUTH
BIGWELS,LZ_SOUTH
BIRSW,LZ_NORTH
BISHOP,LZ_SOUTH
BIS,LZ_WEST
BLACKJAK,LZ_SOUTH
W_BK_345,LZ_WEST
BLACKCAT,LZ_SOUTH
BKE,LZ_HOUSTON
KOPPERL,LZ_NORTH
BKWWF,LZ_WEST
BLKFT,LZ_NORTH
BLKRV,LZ_WEST
BLKST,LZ_NORTH
BLAKE,LZ_WEST
BLANTON,LZ_NORTH
BLASW,LZ_NORTH
BLCBAYU4,LZ_SOUTH
BLDPD,LZ_WEST
BLESSING,LZ_SOUTH
BLFSW,LZ_NORTH
BKWST,LZ_NORTH
BLMND,LZ_NORTH
BLOCKH,LZ_SOUTH
BLMGR,LZ_NORTH
H4,LZ_SOUTH
BLSUMIT3,LZ_WEST
BL_CSSWC,LZ_NORTH
BLTLN,LZ_NORTH
FAULKNER,LZ_WEST
BLUEBO,LZ_SOUTH
BCKSW,LZ_WEST
BLUFDAL,LZ_NORTH
BLUFFS,LZ_WEST
BLUF_CRK,LZ_WEST
BLUMS,LZ_NORTH
BLU,LZ_SOUTH
BLY,LZ_HOUSTON
BL_BROWN,LZ_SOUTH
DC_EGPS,LZ_SOUTH
BL,LZ_HOUSTON
BL_MILIT,LZ_SOUTH
BM,LZ_HOUSTON
BNBRK,LZ_NORTH
W_LD_345,LZ_WEST
BNEST,LZ_SOUTH
BNM,LZ_HOUSTON
BNS,LZ_HOUSTON
BNT,LZ_HOUSTON
BYN,LZ_HOUSTON
BOBCAT,LZ_WEST
BORDAS,LZ_SOUTH
BOG,LZ_HOUSTON
BMRTN,LZ_WEST
BONDROAD,LZ_WEST
BONHM,LZ_NORTH
BNMNW,LZ_NORTH
BNMSW,LZ_NORTH
BONILLA,LZ_SOUTH
BONIVIEW,LZ_SOUTH
BONLK_RC,LZ_NORTH
BONNIES,LZ_SOUTH
BON,LZ_NORTH
BMTWN,LZ_WEST
BST,LZ_HOUSTON
BOR,LZ_HOUSTON
BOSQUE,LZ_NORTH
BOSQUESW,LZ_NORTH
BOTINES,LZ_SOUTH
BOWEN,LZ_NORTH
BOWIE,LZ_WEST
BOW,LZ_NORTH
PATTSNST,LZ_NORTH
BOMSW,LZ_WEST
BOYD,LZ_NORTH
LPLBR,LZ_WEST
BRACKENR,LZ_SOUTH
BRACKETT,LZ_SOUTH
BRANCHVL,LZ_NORTH
BRAND_C,LZ_NORTH
BRANDON,LZ_WEST
BUEYE,LZ_WEST
BRAZORIA,LZ_HOUSTON
BRAZ_WND,LZ_WEST
SUNSW,LZ_WEST
BRBSW,LZ_WEST
BRADYCIT,LZ_SOUTH
BRGPR,LZ_NORTH
BRDSW,LZ_NORTH
NORTHBRA,LZ_SOUTH
BRKRG,LZ_WEST
BRKNR,LZ_WEST
BRELN,LZ_WEST
BRGSW,LZ_NORTH
BRIAR,LZ_NORTH
BRIDGEPR,LZ_NORTH
BRG,LZ_NORTH
BRIDWELL,LZ_WEST
BRIGHTSD,LZ_SOUTH
BRN,LZ_HOUSTON
BRINKRRC,LZ_NORTH
BRIRCRT,LZ_NORTH
BRISCOE,LZ_WEST
BRHLW,LZ_NORTH
BRKSTNRC,LZ_NORTH
BRKTN,LZ_NORTH
BRLND,LZ_NORTH
BRLSW,LZ_NORTH
SADLBACK,LZ_WEST
BROWN,LZ_WEST
BNBOR,LZ_NORTH
BRONTE,LZ_WEST
BRNWD,LZ_NORTH
BRNSW,LZ_NORTH
BRNSO,LZ_NORTH
BRK,LZ_NORTH
BRODIE,LZ_SOUTH
BROOKHOL,LZ_SOUTH
V2,LZ_SOUTH
BNMAG,LZ_NORTH
BROWNSVL,LZ_SOUTH
BROWN_SW,LZ_SOUTH
BRP_LOP1,LZ_SOUTH
BRPOD,LZ_WEST
BRP_PBL1,LZ_SOUTH
BRTLT,LZ_SOUTH
BRTRD,LZ_NORTH
BRTSW,LZ_NORTH
BRUNI4,LZ_SOUTH
BRUNI,LZ_SOUTH
BRYAN,LZ_NORTH
ANNEX,LZ_NORTH
BRNAV,LZ_NORTH
BUS_PARK,LZ_NORTH
DANSBY,LZ_NORTH
EAST,LZ_NORTH
GREENS_P,LZ_NORTH
IND_PARK,LZ_NORTH
MILLICAN,LZ_NORTH
NORTHBR,LZ_NORTH
SHADY_LN,LZ_NORTH
SNOOK,LZ_NORTH
SOUTH,LZ_NORTH
STEEPHLW,LZ_NORTH
TABOR,LZ_NORTH
BRYR,LZ_WEST
BRYSNTN,LZ_WEST
BRIRV,LZ_NORTH
BR,LZ_HOUSTON
PILOGR,LZ_SOUTH
BSGUL,LZ_WEST
TANGO,LZ_SOUTH
DOC,LZ_HOUSTON
GIBBS,LZ_SOUTH
SMOKYHIL,LZ_WEST
MADDUX,LZ_WEST
BTE,LZ_HOUSTON
BOOTLEG,LZ_WEST
BUTMAN,LZ_WEST
BTM,LZ_HOUSTON
BTPOD,LZ_NORTH
BTP,LZ_SOUTH
BITTCR,LZ_WEST
BTTSW,LZ_WEST
BT,LZ_HOUSTON
BURLESON,LZ_SOUTH
Y4,LZ_SOUTH
BUCKHLTS,LZ_NORTH
BUCKTHRN,LZ_NORTH
BUENA_VI,LZ_SOUTH
BUFFALO,LZ_WEST
BUFF_GAP,LZ_WEST
BULLCRK,LZ_WEST
BULLHO,LZ_SOUTH
BULLMOOS,LZ_SOUTH
BNK,LZ_NORTH
BUNSEN,LZ_SOUTH
BNTDR,LZ_NORTH
BUN,LZ_HOUSTON
BKBNT,LZ_WEST
BUR,LZ_NORTH
BRLSN,LZ_NORTH
BUROW_RC,LZ_NORTH
TRAWICK,LZ_NORTH
K0,LZ_SOUTH
CACTUS,LZ_WEST
GILLCR,LZ_SOUTH
LASPULGA,LZ_SOUTH
TULECNYN,LZ_WEST
MILHWY,LZ_SOUTH
FORMOSA,LZ_SOUTH
PRONGHRN,LZ_WEST
NATDAM,LZ_WEST
BUSBY,LZ_WEST
BUSHKNOB,LZ_WEST
MARATHON,LZ_WEST
PUTN,LZ_WEST
LYSSY,LZ_SOUTH
CAGNON,LZ_SOUTH
PALMITO,LZ_SOUTH
MASOCT,LZ_SOUTH
TRLUF,LZ_NORTH
WOLFBERR,LZ_WEST
ENTERPR,LZ_NORTH
BUT,LZ_NORTH
BUTLR_RD,LZ_HOUSTON
BUZSW,LZ_WEST
BU,LZ_HOUSTON
BVE,LZ_HOUSTON
SMITHERS,LZ_HOUSTON
BV,LZ_HOUSTON
BENWH_RC,LZ_NORTH
BOWWOO,LZ_WEST
BWNSW,LZ_NORTH
BWSRV,LZ_WEST
BW,LZ_HOUSTON
LBDARCRC,LZ_NORTH
BYLOR,LZ_NORTH
BYRDR_ES,LZ_HOUSTON
BYRSW,LZ_WEST
BYR,LZ_HOUSTON
BY,LZ_HOUSTON
BOZESSRC,LZ_NORTH
BZ,LZ_HOUSTON
PLSNTOS,LZ_SOUTH
B_DAVIS,LZ_SOUTH
GRANDVW1,LZ_WEST
WAYMARK,LZ_WEST
C5,LZ_SOUTH
CASTROS,LZ_SOUTH
CABANISS,LZ_SOUTH
CABEZNTP,LZ_SOUTH
CABEZON,LZ_SOUTH
CADDO,LZ_WEST
CMEXP,LZ_NORTH
CDMIL,LZ_NORTH
CALALS,LZ_SOUTH
CALAVERS,LZ_SOUTH
FLCNS,LZ_WEST
FREC,LZ_NORTH
CALHOUN,LZ_SOUTH
CALI_CRK,LZ_WEST
CALLAHAN,LZ_WEST
CALLICOA,LZ_SOUTH
CMTSW,LZ_NORTH
CLMET,LZ_NORTH
PHILLIPS,LZ_NORTH
CALVERT,LZ_NORTH
PL,LZ_HOUSTON
CAL,LZ_HOUSTON
CAL_WWKS,LZ_SOUTH
CAMERON,LZ_SOUTH
CAMRN,LZ_SOUTH
CAMPN,LZ_NORTH
CAMPWOOD,LZ_SOUTH
CI,LZ_HOUSTON
CAM,LZ_HOUSTON
CAC,LZ_SOUTH
CNTSW,LZ_NORTH
CANTN,LZ_NORTH
CANTWELL,LZ_SOUTH
CANYHY,LZ_SOUTH
CANYN,LZ_NORTH
CANYON,LZ_SOUTH
TORR,LZ_SOUTH
DKR,LZ_HOUSTON
BFM,LZ_HOUSTON
L4,LZ_SOUTH
CAPOTE,LZ_SOUTH
CAPSCRNR,LZ_NORTH
CARANCS,LZ_SOUTH
CARANCUA,LZ_SOUTH
CARBN,LZ_WEST
CARDINAL,LZ_SOUTH
CARIZOS,LZ_SOUTH
CRLES,LZ_NORTH
CAR,LZ_NORTH
CARLTON,LZ_NORTH
CRLSP,LZ_NORTH
CARRIZO,LZ_SOUTH
CARSON,LZ_SOUTH
CRSWL,LZ_NORTH
CARTER,LZ_NORTH
CASA_BLA,LZ_SOUTH
CASL_GAP,LZ_WEST
CASTEL,LZ_SOUTH
CAS,LZ_HOUSTON
J2,LZ_SOUTH
CASTLEGA,LZ_WEST
CASTMO,LZ_WEST
D1,LZ_SOUTH
CAUSEWAY,LZ_SOUTH
CAV,LZ_HOUSTON
CAYMUSJP,LZ_WEST
CAYOTE,LZ_NORTH
CA,LZ_HOUSTON
CN_BRKS,LZ_WEST
CBECII,LZ_HOUSTON
CBFSW,LZ_WEST
DEAFSMIT,LZ_WEST
CARLSBAD,LZ_WEST
CBY4,LZ_HOUSTON
CBY,LZ_HOUSTON
CB,LZ_HOUSTON
CCEC,LZ_SOUTH
CCK,LZ_HOUSTON
TNCCMITC,LZ_WEST
FHPOD,LZ_NORTH
CDCSW,LZ_NORTH
CCRSW,LZ_WEST
CC,LZ_HOUSTON
CDCST,LZ_NORTH
CDESW,LZ_NORTH
CDHIL,LZ_NORTH
CDRSS_RC,LZ_NORTH
CEDRVALE,LZ_WEST
CD,LZ_HOUSTON
CE,LZ_HOUSTON
CEBOLLA,LZ_SOUTH
CEDACA,LZ_WEST
CEDARGAP,LZ_WEST
CEDARHIL,LZ_NORTH
CEDARVAL,LZ_NORTH
CEDRHILL,LZ_WEST
CCPMP,LZ_NORTH
CDCRK,LZ_NORTH
CELANEBC,LZ_SOUTH
CELANEBI,LZ_SOUTH
CELINARC,LZ_NORTH
CN,LZ_HOUSTON
CENAUS,LZ_SOUTH
CNEXP,LZ_NORTH
CENIZO,LZ_SOUTH
CTR,LZ_HOUSTON
CNTRALS,LZ_SOUTH
CENTRVIL,LZ_NORTH
CNTRY,LZ_NORTH
CNI45,LZ_NORTH
CERMC,LZ_WEST
COMMON,LZ_SOUTH
COFESSRC,LZ_NORTH
CFRSW,LZ_WEST
CF,LZ_HOUSTON
GBY,LZ_HOUSTON
CGR,LZ_HOUSTON
CG,LZ_HOUSTON
LPLCH,LZ_WEST
CH20,LZ_WEST
CHALUPA,LZ_SOUTH
CHALK,LZ_WEST
CHALMERS,LZ_SOUTH
CHB,LZ_HOUSTON
CHAMB_RC,LZ_NORTH
CHAMON,LZ_HOUSTON
CHAMPION,LZ_WEST
CHAMP,LZ_NORTH
CHAMPLIN,LZ_SOUTH
CHAPLHIL,LZ_NORTH
CWDCR,LZ_NORTH
CHARCOS,LZ_SOUTH
CHARLTS,LZ_SOUTH
CHARLOTT,LZ_SOUTH
CHARTER,LZ_SOUTH
CHASEFLD,LZ_SOUTH
CHATFELD,LZ_NORTH
CHATT,LZ_NORTH
CDHCR,LZ_NORTH
CHICC,LZ_NORTH
CHICG,LZ_NORTH
CHICW,LZ_NORTH
CHDSW,LZ_NORTH
CHEAPS,LZ_SOUTH
DPW,LZ_HOUSTON
CH_EGNER,LZ_SOUTH
CHENIERE,LZ_SOUTH
SGSA,LZ_WEST
CHERRYCR,LZ_WEST
CHERYGRV,LZ_NORTH
CHERY_RC,LZ_NORTH
CHYNE,LZ_WEST
CHE,LZ_HOUSTON
LYD,LZ_HOUSTON
CHILK,LZ_WEST
CHILLICO,LZ_WEST
CDHSW,LZ_NORTH
CHIL,LZ_WEST
CGRSW,LZ_WEST
CHSPG,LZ_NORTH
CHINASPR,LZ_NORTH
CHRNO,LZ_NORTH
CHISOLM,LZ_NORTH
CHKPRIS,LZ_SOUTH
CHLDDATA,LZ_WEST
CHLD,LZ_WEST
CHL,LZ_HOUSTON
MCELMU,LZ_WEST
CHROW,LZ_NORTH
CHOATE,LZ_SOUTH
CHOCBAYU,LZ_SOUTH
CHOKCNYN,LZ_SOUTH
RIN,LZ_HOUSTON
A0,LZ_SOUTH
CHURCH,LZ_WEST
HOC,LZ_HOUSTON
S3,LZ_SOUTH
CISC,LZ_WEST
CISTERN,LZ_SOUTH
CITGO_NO,LZ_SOUTH
CTY,LZ_HOUSTON
CITRUSCY,LZ_SOUTH
CITYVICT,LZ_SOUTH
CTYVW,LZ_WEST
CARKLAND,LZ_WEST
KL,LZ_HOUSTON
CKRHL,LZ_NORTH
CNTSUBRC,LZ_NORTH
CLARMNT,LZ_WEST
CLKVL,LZ_NORTH
CLARK_WD,LZ_SOUTH
CLAYTNVL,LZ_WEST
CLAYWEST,LZ_SOUTH
CLBWS,LZ_NORTH
CLEARCRO,LZ_WEST
CLEASP,LZ_SOUTH
CLBSW,LZ_NORTH
CLBRN,LZ_NORTH
CLBNR,LZ_NORTH
CLEMVILL,LZ_SOUTH
CLFK,LZ_WEST
CLMX_RC,LZ_NORTH
CLNSE,LZ_NORTH
CLOSNER,LZ_SOUTH
CLRM,LZ_WEST
CLSTE,LZ_NORTH
CRLNW,LZ_NORTH
CLYDEMAG,LZ_WEST
CLYDE,LZ_WEST
CLAYHILL,LZ_NORTH
CLYVL,LZ_NORTH
CL,LZ_HOUSTON
INEZS,LZ_SOUTH
CMBSW,LZ_NORTH
CMBTP,LZ_NORTH
CMINO,LZ_NORTH
CMPBW,LZ_NORTH
CPSES,LZ_NORTH
CMPST,LZ_NORTH
CMPWI,LZ_NORTH
CMHBL,LZ_NORTH
WINCHES,LZ_SOUTH
MCNEIL,LZ_SOUTH
CN345,LZ_NORTH
GLNPSSRC,LZ_NORTH
ELLISSLR,LZ_NORTH
CORONA,LZ_SOUTH
CAMWIND,LZ_SOUTH
CANAL_RD,LZ_WEST
CNRSW,LZ_NORTH
CNR,LZ_HOUSTON
CNSES,LZ_NORTH
COMBNTRC,LZ_NORTH
CNTRPT_A,LZ_NORTH
CNANG,LZ_NORTH
PITTSDDK,LZ_NORTH
CNTRD,LZ_NORTH
MATKM,LZ_WEST
LPLCO,LZ_WEST
COHMA,LZ_WEST
COBSW,LZ_WEST
GRNPRCS,LZ_NORTH
POAKCS,LZ_NORTH
CSSWCS,LZ_NORTH
SOUWDCS,LZ_NORTH
COFFPORT,LZ_SOUTH
COTRD,LZ_NORTH
CLBSN,LZ_WEST
COLDG,LZ_NORTH
COLETO,LZ_SOUTH
M2,LZ_SOUTH
COLLEGE,LZ_NORTH
CLCRK,LZ_WEST
CLCTY,LZ_WEST
COLNY,LZ_NORTH
CLLVL,LZ_NORTH
CMNCH,LZ_NORTH
CMNSW,LZ_NORTH
COMRC,LZ_NORTH
COMSW,LZ_NORTH
CONA,LZ_WEST
RUSTHILL,LZ_WEST
CONLEY,LZ_NORTH
CONOCO,LZ_SOUTH
CONSW,LZ_WEST
CONTINEN,LZ_SOUTH
CONIGLIO,LZ_NORTH
CLKPM,LZ_NORTH
CPLSO,LZ_NORTH
COPEN_RC,LZ_NORTH
COPPCV,LZ_NORTH
CPL,LZ_NORTH
COPEL,LZ_NORTH
GRPVN,LZ_NORTH
CPRCV,LZ_NORTH
COPSUB8,LZ_HOUSTON
CORALSLR,LZ_NORTH
CORAZON,LZ_SOUTH
CORDELE,LZ_SOUTH
CORICHI,LZ_SOUTH
CRNTH,LZ_NORTH
CORPUS,LZ_SOUTH
CRSCN,LZ_NORTH
CRSGL,LZ_NORTH
CRSGU,LZ_NORTH
CRSWS,LZ_NORTH
CRMPM,LZ_NORTH
CRMBL,LZ_NORTH
COSDN,LZ_WEST
COTONBLT,LZ_NORTH
COTPLNS,LZ_WEST
COTNDALE,LZ_NORTH
COTTON,LZ_SOUTH
COTULAS,LZ_SOUTH
COTULLA,LZ_SOUTH
COULOMB,LZ_WEST
COUNTRYC,LZ_WEST
COUNTYRD,LZ_WEST
CRTLD,LZ_NORTH
COVEE,LZ_NORTH
COV,LZ_NORTH
COWSW,LZ_NORTH
COYAN,LZ_WEST
COYCTYS,LZ_SOUTH
COYNW,LZ_WEST
CO,LZ_HOUSTON
COPSUB10,LZ_HOUSTON
CPCSUB9,LZ_HOUSTON
CPPOD,LZ_WEST
CPR,LZ_HOUSTON
CRAFTON,LZ_NORTH
CRNAT,LZ_WEST
CRNDL,LZ_NORTH
CRNES,LZ_WEST
CRNHU,LZ_WEST
CRANELL,LZ_SOUTH
CRANE,LZ_WEST
CRANFLGP,LZ_NORTH
CRAN_AIR,LZ_WEST
CRAN,LZ_WEST
CRARCH,LZ_NORTH
CRAWFORD,LZ_NORTH
CRB,LZ_HOUSTON
CRTCHFLD,LZ_NORTH
CRDSW,LZ_WEST
CRD,LZ_NORTH
CRESTONI,LZ_SOUTH
CRISP,LZ_NORTH
CRIST,LZ_NORTH
CRIS,LZ_WEST
CRKET,LZ_NORTH
CRKSD,LZ_NORTH
CRLFR,LZ_NORTH
CRLTN,LZ_NORTH
CRLCC,LZ_NORTH
CRLJL,LZ_NORTH
HRSMD,LZ_NORTH
CRLTR,LZ_NORTH
CRLUD,LZ_NORTH
CRM2,LZ_WEST
CRM3,LZ_WEST
CRMWD5,LZ_WEST
CRMWD1,LZ_WEST
CRMWD4,LZ_WEST
CRMW8,LZ_WEST
CRMW7,LZ_WEST
CRNDL_RC,LZ_NORTH
CROSSETT,LZ_WEST
CROSSOVE,LZ_WEST
CROSSWI,LZ_SOUTH
CROSS,LZ_SOUTH
CTT_CROS,LZ_WEST
CRSTMBRS,LZ_NORTH
CROWLEY,LZ_NORTH
CRNRD,LZ_NORTH
CRN,LZ_HOUSTON
CROSSPLA,LZ_WEST
CRSSW,LZ_NORTH
ESTONIAN,LZ_NORTH
CRS,LZ_HOUSTON
CRTRVLLE,LZ_WEST
CRWLY,LZ_NORTH
CROWELL,LZ_WEST
CRWN_SLR,LZ_NORTH
CRYVC,LZ_WEST
CRYO,LZ_WEST
CRYSTAL,LZ_SOUTH
CRSTLS,LZ_SOUTH
CRYVE,LZ_WEST
CR,LZ_HOUSTON
CSHNG,LZ_NORTH
CSHSW,LZ_NORTH
BL_CS,LZ_HOUSTON
CAMPSANS,LZ_SOUTH
CSSC,LZ_NORTH
CS,LZ_HOUSTON
FRONT_EC,LZ_SOUTH
SEGUWE,LZ_SOUTH
WHCCS2,LZ_NORTH
COYOTE,LZ_WEST
RIMROC,LZ_SOUTH
CTHR,LZ_WEST
CTLSW,LZ_NORTH
CTRLA,LZ_WEST
RBTWNCTY,LZ_SOUTH
CTZ,LZ_HOUSTON
CUSHMA,LZ_SOUTH
CULSW,LZ_WEST
CUMBY,LZ_NORTH
CURIE,LZ_NORTH
CSETP,LZ_NORTH
CST,LZ_NORTH
CVC,LZ_HOUSTON
SDN,LZ_HOUSTON
LHM,LZ_HOUSTON
CVN,LZ_HOUSTON
CV,LZ_HOUSTON
CWCRK_RC,LZ_NORTH
WEB,LZ_HOUSTON
CWIND,LZ_WEST
CWPOD,LZ_WEST
CWS,LZ_HOUSTON
AVONDALE,LZ_NORTH
WC,LZ_HOUSTON
STELLA,LZ_SOUTH
COYOTE_W,LZ_WEST
CYCSW,LZ_NORTH
CYF,LZ_HOUSTON
D4,LZ_SOUTH
DAB,LZ_HOUSTON
DAFFIN,LZ_SOUTH
DAG,LZ_HOUSTON
DALRK,LZ_NORTH
DALWT,LZ_NORTH
DAL,LZ_HOUSTON
DANEVAS,LZ_SOUTH
DANEVA,LZ_SOUTH
DANFOR,LZ_SOUTH
DAN,LZ_SOUTH
DARSCR,LZ_SOUTH
DAVIS,LZ_NORTH
DAV,LZ_HOUSTON
DAVST,LZ_NORTH
DAWSON,LZ_NORTH
DWSON,LZ_WEST
DA,LZ_HOUSTON
LPLDB,LZ_WEST
DBLTRNCH,LZ_NORTH
WLSH,LZ_NORTH
DUCKCVRC,LZ_NORTH
DCPROC,LZ_SOUTH
DCDAM,LZ_NORTH
DCSES,LZ_NORTH
DCTM,LZ_WEST
DC_ROAD,LZ_SOUTH
DDPEC,LZ_HOUSTON
DEALY,LZ_NORTH
DECATUR,LZ_NORTH
DCATR,LZ_NORTH
DECKER,LZ_SOUTH
DEC,LZ_NORTH
DELEK,LZ_NORTH
DELEON,LZ_NORTH
DLEON,LZ_NORTH
DELILA_1,LZ_NORTH
DLMAG,LZ_WEST
DELSOL,LZ_SOUTH
WHITEAKR,LZ_WEST
KUNITZ,LZ_WEST
DEL_MAR,LZ_SOUTH
DEL_RIO,LZ_SOUTH
DENDR,LZ_NORTH
DNISN,LZ_NORTH
DNINR,LZ_NORTH
DNIWS,LZ_NORTH
DENSW,LZ_NORTH
DENTN,LZ_WEST
DENT_RD,LZ_NORTH
DPREA,LZ_NORTH
DERBYS,LZ_SOUTH
DMTSW,LZ_WEST
DERMOTT,LZ_WEST
DER,LZ_HOUSTON
DIESEL,LZ_NORTH
DESHR,LZ_NORTH
PKRVL,LZ_NORTH
DESPR,LZ_NORTH
DESSW,LZ_NORTH
DSN,LZ_HOUSTON
DEVIHI,LZ_SOUTH
DEVNES,LZ_SOUTH
DEVINE,LZ_SOUTH
DEWOLF,LZ_WEST
W4,LZ_SOUTH
DE,LZ_HOUSTON
DFWSE,LZ_NORTH
DFWNW,LZ_NORTH
DFWSW,LZ_NORTH
DHANIS,LZ_SOUTH
DH,LZ_HOUSTON
DIALV,LZ_NORTH
DSHAM,LZ_WEST
DIAMOND,LZ_WEST
DIBOL,LZ_NORTH
DIBSP,LZ_NORTH
DIB,LZ_HOUSTON
DICEY,LZ_NORTH
DICKNSON,LZ_HOUSTON
DIGBY,LZ_WEST
DILLEYSW,LZ_SOUTH
DILLEYS,LZ_SOUTH
DILLY,LZ_SOUTH
DIMMIT,LZ_SOUTH
DINNY,LZ_WEST
DINGDONG,LZ_NORTH
DRSCOLS,LZ_SOUTH
TWINBU,LZ_WEST
DILEOSLR,LZ_NORTH
DL,LZ_HOUSTON
GOLDTH,LZ_NORTH
DNDAM,LZ_NORTH
DUNLAP,LZ_SOUTH
DN,LZ_HOUSTON
DOLEY,LZ_WEST
DHIDE,LZ_WEST
DOMINO,LZ_NORTH
DGLAS,LZ_NORTH
DOL,LZ_HOUSTON
DOWNIES,LZ_SOUTH
DOWNING,LZ_NORTH
DPCRK,LZ_WEST
DPO,LZ_HOUSTON
DQ,LZ_HOUSTON
DGNST,LZ_NORTH
J3,LZ_SOUTH
DRIPSP,LZ_SOUTH
DRMSW,LZ_WEST
DRESSY,LZ_WEST
DRIVER,LZ_WEST
DR,LZ_HOUSTON
DSKYWND1,LZ_WEST
DSKYWND2,LZ_WEST
DSKYTAP1,LZ_WEST
DSKYTAP2,LZ_WEST
DT,LZ_HOUSTON
DUBLN,LZ_NORTH
DKCRK,LZ_NORTH
DCKCV,LZ_NORTH
DUKE,LZ_SOUTH
DUNEFIEL,LZ_WEST
DUN,LZ_HOUSTON
DUP1_V,LZ_SOUTH
DUP2_V,LZ_SOUTH
DUPUY,LZ_NORTH
DUSTDEVI,LZ_SOUTH
DUTTON,LZ_SOUTH
DUVAL,LZ_NORTH
DNCNV,LZ_NORTH
DCVSO,LZ_NORTH
DV,LZ_HOUSTON
DYN,LZ_SOUTH
DYEMOUND,LZ_NORTH
FBRSW,LZ_NORTH
AUPOI,LZ_WEST
TTRSW,LZ_NORTH
BUFLO,LZ_NORTH
PERIGEE,LZ_WEST
G3,LZ_SOUTH
EMSES,LZ_NORTH
EAGLE_HY,LZ_SOUTH
EAGLE_PS,LZ_SOUTH
EAG,LZ_HOUSTON
RALSW,LZ_WEST
SF,LZ_HOUSTON
SHILOH,LZ_NORTH
NEVADA,LZ_NORTH
WYNJOYCE,LZ_NORTH
WYLIESW,LZ_NORTH
LNCRK2,LZ_WEST
N_DENT,LZ_NORTH
SWOOSEII,LZ_WEST
CCTROUP,LZ_NORTH
TRENT,LZ_WEST
SPLAIN1,LZ_WEST
BLDSW_RC,LZ_NORTH
WGU,LZ_HOUSTON
RDCANYON,LZ_WEST
JCKCNTY2,LZ_NORTH
THOM_CK,LZ_NORTH
SRAYBURN,LZ_NORTH
JCHRSTL,LZ_NORTH
HICKMAN,LZ_WEST
HWPOD,LZ_WEST
SJNSW,LZ_NORTH
RAINEYST,LZ_SOUTH
ALBERTA,LZ_SOUTH
RTS,LZ_WEST
DOGHS,LZ_WEST
BIGSW,LZ_NORTH
SEAHOLM,LZ_SOUTH
TECSW,LZ_WEST
WMFMW_RC,LZ_NORTH
ALCAT,LZ_WEST
LPLPY,LZ_WEST
LPLWA,LZ_WEST
TIPPET,LZ_WEST
DESEME,LZ_WEST
NOELKE,LZ_WEST
QRYSW,LZ_WEST
SCHNDR,LZ_WEST
ANDNR,LZ_WEST
YKNSW,LZ_WEST
BDPOI,LZ_WEST
BEALS,LZ_WEST
CLPOD,LZ_WEST
DNPOD,LZ_WEST
MISAE,LZ_WEST
EULES,LZ_NORTH
GASLD,LZ_WEST
GRDNE,LZ_WEST
GRPTT,LZ_NORTH
HLTOM,LZ_NORTH
BRNCH,LZ_WEST
LFKSW,LZ_NORTH
LNGLK,LZ_NORTH
LOPENO,LZ_SOUTH
C3,LZ_SOUTH
MCDLD,LZ_WEST
MCNSW,LZ_WEST
MKDSW,LZ_WEST
OAKHL,LZ_NORTH
ODESA,LZ_WEST
ROUGH,LZ_WEST
RRWES,LZ_SOUTH
SBYSW,LZ_WEST
HOLND,LZ_NORTH
TIODE,LZ_WEST
WHOUS,LZ_NORTH
WLFSW,LZ_WEST
W_PECOS,LZ_WEST
TRPOD,LZ_WEST
WINKS,LZ_WEST
MDPOD,LZ_WEST
SLTSW,LZ_NORTH
LPRSW,LZ_NORTH
MLFRD,LZ_NORTH
STASW,LZ_WEST
FIRWHEEL,LZ_NORTH
FLAND,LZ_WEST
HLSBR,LZ_NORTH
L_FRESNO,LZ_SOUTH
KNAPP,LZ_WEST
BRNSY,LZ_WEST
PNTIS,LZ_NORTH
KBPOD,LZ_NORTH
MDLNW,LZ_WEST
VLSES,LZ_NORTH
36POD,LZ_WEST
BULLDOG,LZ_WEST
LDRAW,LZ_WEST
TJPOD,LZ_WEST
SFTLK,LZ_WEST
POCKRUSC,LZ_NORTH
ARCO,LZ_NORTH
KNGSRW,LZ_NORTH
ELRSW,LZ_NORTH
EXGNSND,LZ_SOUTH
VEALMOOR,LZ_WEST
LENRDRD,LZ_NORTH
PRTLAVS,LZ_SOUTH
RVIEW,LZ_WEST
GRISSOM,LZ_SOUTH
HEPOD,LZ_NORTH
KOPPEBR,LZ_NORTH
PEARSALL,LZ_SOUTH
SNDSW,LZ_SOUTH
FARMLAND,LZ_WEST
LEVEE,LZ_HOUSTON
TRIANGLE,LZ_WEST
BATLE,LZ_SOUTH
JDKNS,LZ_WEST
BLAIN,LZ_NORTH
KIMBL,LZ_NORTH
CHNDW,LZ_NORTH
MDLNE,LZ_WEST
COLTON,LZ_SOUTH
DENAV,LZ_NORTH
DENTSW,LZ_NORTH
BWDSW,LZ_WEST
EBELLSLR,LZ_SOUTH
GEPOD,LZ_WEST
LOYLK,LZ_NORTH
ARETP,LZ_WEST
MASSENGL,LZ_WEST
GDNSW,LZ_WEST
FOWLRTON,LZ_SOUTH
OVEJA,LZ_WEST
ROLHL,LZ_NORTH
KNOTT,LZ_WEST
RTS2,LZ_WEST
BORDAS2,LZ_SOUTH
MDESA,LZ_WEST
HORNE,LZ_NORTH
TRNDD,LZ_NORTH
LGVST,LZ_NORTH
E_BLACK,LZ_SOUTH
LV5,LZ_SOUTH
DBMSW,LZ_WEST
RENTL,LZ_NORTH
EBP,LZ_NORTH
RNPOI,LZ_WEST
SOPOD,LZ_WEST
STANT,LZ_WEST
NEBO,LZ_SOUTH
TAYGETE,LZ_WEST
HLTSW,LZ_WEST
WRN,LZ_HOUSTON
TYLRWIND,LZ_NORTH
OBERON,LZ_WEST
NOVA1SLR,LZ_WEST
NCWDN,LZ_WEST
TMDSW,LZ_WEST
VERTIGO,LZ_WEST
EMMAS,LZ_WEST
REDFISH,LZ_SOUTH
WRIDG,LZ_NORTH
GOAT,LZ_WEST
VICTPRT2,LZ_SOUTH
E1,LZ_SOUTH
MILLERRD,LZ_NORTH
TTWEC,LZ_WEST
Y2,LZ_SOUTH
FLOWERII,LZ_WEST
MEDILA,LZ_SOUTH
Y1,LZ_SOUTH
E4,LZ_SOUTH
SANDHSYD,LZ_SOUTH
MCCREE,LZ_NORTH
RIONOG,LZ_SOUTH
SSPURTWO,LZ_WEST
GPASTURE,LZ_WEST
PLASTPAK,LZ_NORTH
VISTRON,LZ_SOUTH
K2,LZ_SOUTH
F3,LZ_SOUTH
JDPOD,LZ_WEST
DLPOD,LZ_WEST
WHTNY,LZ_NORTH
NEWMAN,LZ_NORTH
HENRY,LZ_WEST
LMESA,LZ_WEST
CTT_GRAY,LZ_WEST
ELBOW,LZ_WEST
LGDRAW_S,LZ_WEST
RKCRK,LZ_NORTH
EXN,LZ_HOUSTON
EB,LZ_HOUSTON
FERGUS,LZ_SOUTH
PANDA_S,LZ_NORTH
VENSW,LZ_NORTH
WITTS,LZ_NORTH
WHCCS,LZ_NORTH
ROSEM,LZ_NORTH
CATERP,LZ_SOUTH
DWIND,LZ_WEST
ELGIN,LZ_SOUTH
MSHBRNCH,LZ_NORTH
PLEASANT,LZ_SOUTH
TAYLOR,LZ_SOUTH
JCK,LZ_HOUSTON
TELPH_RD,LZ_WEST
GIBCRK,LZ_NORTH
LNGSW,LZ_WEST
OLNEYTN,LZ_WEST
RNKSW,LZ_NORTH
HLSES,LZ_NORTH
POTOSI_T,LZ_WEST
GODRD,LZ_WEST
MGSES,LZ_WEST
ANGORA,LZ_WEST
PECOSRI,LZ_WEST
MILLSW,LZ_NORTH
SCLPCOGN,LZ_HOUSTON
SBANA,LZ_NORTH
OYS,LZ_HOUSTON
EL,LZ_HOUSTON
WLO,LZ_HOUSTON
RU,LZ_HOUSTON
HICKFO,LZ_SOUTH
SANDS,LZ_WEST
INDL,LZ_WEST
MIN,LZ_HOUSTON
INWRD,LZ_NORTH
GERDAU,LZ_NORTH
ACSSW,LZ_WEST
APOLLO,LZ_NORTH
FALCON,LZ_SOUTH
WIPOPA,LZ_SOUTH
SCES,LZ_NORTH
ZEN,LZ_HOUSTON
PH2,LZ_WEST
LINTERNA,LZ_WEST
LKCRS,LZ_NORTH
POMELO,LZ_SOUTH
EWS,LZ_HOUSTON
SNDHL,LZ_WEST
YUCSW,LZ_WEST
BDGSW,LZ_NORTH
HCKSW,LZ_NORTH
STNSW,LZ_NORTH
EXPSW,LZ_WEST
WNDSW,LZ_WEST
BEREA,LZ_NORTH
BLAGG,LZ_NORTH
BLISS,LZ_WEST
BLKSW,LZ_NORTH
JIMTREEC,LZ_WEST
SUTHRLND,LZ_SOUTH
R0,LZ_SOUTH
BSCRM,LZ_WEST
BULRD,LZ_NORTH
HILLCTRY,LZ_SOUTH
LAQUINTA,LZ_SOUTH
LDYPD,LZ_WEST
GRVPT,LZ_WEST
SOPSW,LZ_NORTH
COLE_IVI,LZ_WEST
COLJ,LZ_WEST
SHANNONW,LZ_WEST
CRANEA,LZ_WEST
ASHPD,LZ_WEST
CTFLD,LZ_WEST
TRI_PARK,LZ_NORTH
TC,LZ_HOUSTON
ECTHM,LZ_WEST
ELMGROVE,LZ_NORTH
ELMNT_RC,LZ_NORTH
STEAM,LZ_NORTH
STELLATP,LZ_SOUTH
FPTSW,LZ_WEST
FIDSW,LZ_WEST
LONEWOLF,LZ_WEST
FERIS,LZ_NORTH
FGPOD,LZ_WEST
FIREROCK,LZ_WEST
FKLCY,LZ_WEST
FLGRV,LZ_WEST
FRMBR,LZ_NORTH
FRONTERA,LZ_SOUTH
FTWIND,LZ_NORTH
G2,LZ_SOUTH
NUECES_B,LZ_SOUTH
PAP1,LZ_SOUTH
GNMSW,LZ_NORTH
GOBSW,LZ_NORTH
GOMZ,LZ_WEST
HPPOD,LZ_WEST
GRDPR,LZ_NORTH
GRDSW,LZ_NORTH
GRHWY,LZ_NORTH
GUNMTN,LZ_WEST
GWART,LZ_NORTH
GZ,LZ_HOUSTON
HDPOI,LZ_WEST
HDWLK,LZ_NORTH
P5,LZ_SOUTH
HOLMAN,LZ_SOUTH
HRFDWIND,LZ_WEST
ABERNATH,LZ_WEST
I20_RC,LZ_NORTH
JOPLIN,LZ_NORTH
KENDAL,LZ_SOUTH
KINGMTTP,LZ_WEST
KINGMTSW,LZ_WEST
KNBSW,LZ_NORTH
KNEDL,LZ_NORTH
KNLTR,LZ_NORTH
LISTON,LZ_SOUTH
PELICAN,LZ_SOUTH
K3,LZ_SOUTH
U1,LZ_SOUTH
LATEXO,LZ_NORTH
LA_PALMA,LZ_SOUTH
EXGNWTL,LZ_SOUTH
P66SUB6,LZ_HOUSTON
ENSSE,LZ_NORTH
SLTLK,LZ_WEST
SYCRK,LZ_NORTH
ROSED,LZ_NORTH
WOVER,LZ_WEST
PADRA,LZ_NORTH
VINNY,LZ_WEST
HORSE,LZ_NORTH
MDTHS,LZ_NORTH
EXPKY,LZ_NORTH
WMMMR,LZ_NORTH
SLAKE,LZ_NORTH
ABPOD,LZ_WEST
TRNTY,LZ_NORTH
ODNTH,LZ_WEST
PVPOI,LZ_NORTH
TSPOD,LZ_WEST
SGRAS,LZ_WEST
ANPHL,LZ_WEST
SWNDL_SU,LZ_NORTH
TOSBATT,LZ_WEST
LENSW,LZ_WEST
LKBRN,LZ_NORTH
LKNRD,LZ_NORTH
LK_TYLR,LZ_NORTH
ARC,LZ_HOUSTON
HOVEY,LZ_WEST
ROLLANS,LZ_WEST
LOFTIN,LZ_WEST
LYNX,LZ_WEST
GODDARD,LZ_SOUTH
LTMAN,LZ_WEST
LUTHER,LZ_WEST
RIOHONDO,LZ_SOUTH
LWPOD,LZ_WEST
GYVLM,LZ_WEST
MDO,LZ_HOUSTON
MDRAW,LZ_WEST
MDSSW,LZ_WEST
MEANS,LZ_WEST
MECPLNVW,LZ_WEST
MIDDL,LZ_NORTH
MILLWOOD,LZ_NORTH
MLSES,LZ_NORTH
MCKINNEY,LZ_NORTH
MNPOD,LZ_WEST
MNWLL,LZ_NORTH
MRNFD,LZ_WEST
MSTNG_PR,LZ_NORTH
LRENA,LZ_NORTH
MCGRG,LZ_NORTH
CRNSO,LZ_NORTH
NAVIG,LZ_WEST
NWF,LZ_WEST
MARSW,LZ_NORTH
PANDA_T2,LZ_NORTH
NEVILLSW,LZ_WEST
NEVILLTP,LZ_WEST
OCPOD,LZ_WEST
ODLASW,LZ_SOUTH
OGSES,LZ_NORTH
HHOLLOW2,LZ_WEST
PBELL,LZ_WEST
PCOMM,LZ_NORTH
PEARSAL2,LZ_SOUTH
PENA3,LZ_SOUTH
PENA,LZ_SOUTH
PHOENIX,LZ_NORTH
PLHWY,LZ_NORTH
POOLV,LZ_NORTH
PRPOD,LZ_NORTH
PRSPR,LZ_NORTH
PYR,LZ_WEST
PSA,LZ_HOUSTON
PHILLWND,LZ_NORTH
QUIHI,LZ_SOUTH
RAILHEAD,LZ_WEST
STPOI,LZ_WEST
W2,LZ_SOUTH
OKLA,LZ_WEST
RAYTHEON,LZ_NORTH
RICES,LZ_NORTH
RIOPECOS,LZ_WEST
RIPPEY,LZ_NORTH
RODGERS,LZ_NORTH
RSPOD,LZ_WEST
RSPCK,LZ_NORTH
FOXTAIL,LZ_WEST
JUNCTION,LZ_SOUTH
SALSW,LZ_NORTH
SANTASW,LZ_SOUTH
STRATEGC,LZ_NORTH
SEMINOLE,LZ_HOUSTON
SWEC,LZ_WEST
SHPOI,LZ_WEST
SALTDOME,LZ_SOUTH
SPNCER,LZ_NORTH
STEELE_S,LZ_NORTH
V0,LZ_SOUTH
SWEENY,LZ_HOUSTON
HI_LONE,LZ_WEST
STRT,LZ_SOUTH
THORN,LZ_WEST
THW,LZ_HOUSTON
PROSPERO,LZ_WEST
FLUVANNA,LZ_WEST
TMPSE,LZ_NORTH
TNWHTBKR,LZ_WEST
TRLSW,LZ_NORTH
V5,LZ_SOUTH
TRN,LZ_HOUSTON
X5,LZ_SOUTH
SIRIUS,LZ_WEST
PH1,LZ_WEST
M4,LZ_SOUTH
V4,LZ_SOUTH
VICTPORT,LZ_SOUTH
W5,LZ_SOUTH
WAP,LZ_HOUSTON
WEC,LZ_WEST
WELDON,LZ_NORTH
WELLBRN,LZ_NORTH
WFCOGEN,LZ_WEST
WF,LZ_HOUSTON
WHITE_PT,LZ_SOUTH
WSTON,LZ_NORTH
W_DENT,LZ_NORTH
CRKSW,LZ_WEST
LAVSW,LZ_NORTH
PRCRK,LZ_NORTH
ASHWDS,LZ_SOUTH
LCPOD,LZ_WEST
REDPD,LZ_WEST
GRLTC,LZ_NORTH
RLPOD,LZ_WEST
H1,LZ_SOUTH
WOPOD,LZ_WEST
REGST,LZ_NORTH
SKPOI,LZ_WEST
SYPOI,LZ_NORTH
CHILL,LZ_WEST
WLPOI,LZ_WEST
WSMWS,LZ_NORTH
PKRMX,LZ_NORTH
YRPOD,LZ_WEST
BRP_ZPT2,LZ_SOUTH
ECLIPSE,LZ_SOUTH
ECOLEMAN,LZ_WEST
ECRSW,LZ_WEST
ECTOR,LZ_NORTH
ECTOR_RC,LZ_NORTH
ECTSH,LZ_WEST
EC,LZ_HOUSTON
EDDYS,LZ_NORTH
EDEN,LZ_WEST
EDGCF,LZ_NORTH
EDGWD,LZ_NORTH
TESLA,LZ_WEST
EDIT,LZ_WEST
EDNA,LZ_SOUTH
EDROY,LZ_SOUTH
EDWDS,LZ_WEST
ED_BLUES,LZ_SOUTH
ED,LZ_HOUSTON
BENEDU,LZ_WEST
GEORGE,LZ_SOUTH
COLORA,LZ_SOUTH
KERRTR,LZ_SOUTH
FLATON,LZ_SOUTH
EFORK_RC,LZ_NORTH
EFPMP,LZ_NORTH
EGN,LZ_NORTH
EGFRD,LZ_NORTH
EGL,LZ_HOUSTON
EGROVESL,LZ_WEST
EIFSLR,LZ_NORTH
EILAND,LZ_WEST
ELB,LZ_WEST
ELBERT,LZ_WEST
ELCMPOS,LZ_SOUTH
ELDO,LZ_WEST
PANDA_T1,LZ_NORTH
NACPW,LZ_NORTH
ELCTR,LZ_WEST
ELVSW,LZ_NORTH
ELGATO,LZ_SOUTH
ELGSW,LZ_SOUTH
ELKGF,LZ_NORTH
ELKHR,LZ_NORTH
ELKTN,LZ_NORTH
ELT,LZ_NORTH
ELMAR,LZ_WEST
ELMCRK,LZ_WEST
ELMDALE,LZ_WEST
D3,LZ_SOUTH
EFPNR,LZ_NORTH
ELMGV,LZ_NORTH
ELMOT,LZ_NORTH
ELNA,LZ_NORTH
EL_RAYO,LZ_SOUTH
ELROY,LZ_SOUTH
ELSA,LZ_SOUTH
ELSAUZ,LZ_SOUTH
ELTORS,LZ_SOUTH
ELTORSS,LZ_SOUTH
ELY,LZ_WEST
ELZCK,LZ_NORTH
EL_CAMPO,LZ_SOUTH
EMMC2,LZ_NORTH
EMMETT,LZ_NORTH
EMPOD,LZ_NORTH
EMORY,LZ_NORTH
EMORY_RC,LZ_NORTH
ENCINAL,LZ_SOUTH
C0,LZ_SOUTH
ENC,LZ_HOUSTON
ENERGY,LZ_NORTH
ENTUG,LZ_NORTH
ENTOH,LZ_NORTH
ENS,LZ_NORTH
ETCCS,LZ_NORTH
ENNIS,LZ_NORTH
ENSSO,LZ_NORTH
ENWSW,LZ_NORTH
ENPOD,LZ_WEST
EINSTEIN,LZ_WEST
ENTLKIVI,LZ_WEST
ENTPR,LZ_NORTH
ENTPR_RC,LZ_NORTH
ENTRPS2,LZ_WEST
EOLA,LZ_WEST
EMPCT,LZ_NORTH
EPCO_RC,LZ_NORTH
EPDCS,LZ_NORTH
EPIC_Y,LZ_SOUTH
ETH,LZ_HOUSTON
SANSAB,LZ_NORTH
EP,LZ_HOUSTON
TXEQL,LZ_NORTH
EQUISTAR,LZ_SOUTH
LPLER,LZ_WEST
ERPOD,LZ_WEST
ELARA_SL,LZ_SOUTH
EAB,LZ_HOUSTON
ESCOBA,LZ_SOUTH
ESCONDID,LZ_SOUTH
EAF,LZ_HOUSTON
ESFLT,LZ_NORTH
ESKSW,LZ_WEST
ESPERANZ,LZ_SOUTH
ESPULA9,LZ_WEST
ESPYWELL,LZ_WEST
ESTILES,LZ_WEST
ESTLD,LZ_WEST
ESTELLIN,LZ_WEST
ES,LZ_HOUSTON
KERRLE,LZ_SOUTH
HIGH46,LZ_SOUTH
GEOREA,LZ_SOUTH
ETP,LZ_SOUTH
KOKERN,LZ_SOUTH
ET,LZ_HOUSTON
EUNICE,LZ_WEST
EUSTSERC,LZ_NORTH
EULER,LZ_SOUTH
EULSO,LZ_NORTH
EULTB,LZ_NORTH
EURKB,LZ_NORTH
EUSTC,LZ_NORTH
EU,LZ_HOUSTON
EVANALRC,LZ_NORTH
EVANT,LZ_NORTH
EVRSW,LZ_NORTH
EXPLSSRC,LZ_NORTH
G1,LZ_SOUTH
HAWEXXN,LZ_WEST
EXKE,LZ_WEST
MNSEX,LZ_WEST
CRDEX,LZ_WEST
PERKINSP,LZ_WEST
EXPLORRC,LZ_NORTH
BONEX,LZ_NORTH
GPMEP,LZ_NORTH
SHRNE,LZ_WEST
EXW,LZ_HOUSTON
TRUSHUMB,LZ_WEST
EX,LZ_HOUSTON
FPPYD1,LZ_SOUTH
FPPYD2,LZ_SOUTH
EZACH,LZ_NORTH
HHGT,LZ_SOUTH
E_HARRIS,LZ_SOUTH
PORTOCS,LZ_SOUTH
SEADRIFT,LZ_SOUTH
FAIRDALE,LZ_NORTH
FFD,LZ_NORTH
FAIRLA,LZ_SOUTH
FAIROA,LZ_SOUTH
FROKS,LZ_NORTH
FAIRVIEW,LZ_NORTH
FALCNSW,LZ_SOUTH
FALFUR,LZ_SOUTH
F2,LZ_SOUTH
FAL,LZ_NORTH
FANNINS,LZ_SOUTH
FAN,LZ_HOUSTON
FRMNT,LZ_NORTH
FMRVL,LZ_NORTH
FARON,LZ_NORTH
FARRAR,LZ_NORTH
FASHNGS,LZ_SOUTH
FASHING,LZ_SOUTH
FATES,LZ_NORTH
FAYS138,LZ_SOUTH
FAYETT,LZ_SOUTH
FRMBG,LZ_NORTH
FB,LZ_HOUSTON
FOARDCTY,LZ_WEST
FDL,LZ_HOUSTON
FD,LZ_HOUSTON
LAGRAN,LZ_SOUTH
FEGC,LZ_HOUSTON
FENCESLR,LZ_NORTH
FERGCC,LZ_SOUTH
FERMI,LZ_SOUTH
F4,LZ_SOUTH
FERRIS,LZ_SOUTH
FGRSW,LZ_NORTH
FIESTA,LZ_SOUTH
FILESSLR,LZ_NORTH
FLSSN,LZ_NORTH
FILTER_P,LZ_SOUTH
FINKS,LZ_NORTH
FIRON,LZ_WEST
FSHSW,LZ_WEST
FISKVILL,LZ_SOUTH
M1,LZ_SOUTH
FLATROCK,LZ_NORTH
FLAT_TOP,LZ_WEST
FLNTK,LZ_WEST
FLINT,LZ_NORTH
FLOMOT,LZ_WEST
FLTCK,LZ_NORTH
FLVABES1,LZ_WEST
FLMSO,LZ_NORTH
FL,LZ_HOUSTON
FM_802,LZ_SOUTH
FMCK,LZ_WEST
FORTMA,LZ_SOUTH
FRSTN,LZ_NORTH
FORESTON,LZ_NORTH
FORSN,LZ_WEST
FSTVW,LZ_NORTH
FORSW,LZ_NORTH
FRTGATES,LZ_NORTH
T2,LZ_SOUTH
FSCRK,LZ_NORTH
FOSTER,LZ_SOUTH
FOS,LZ_HOUSTON
FORCRNS,LZ_SOUTH
FOURMI,LZ_WEST
FOX,LZ_NORTH
FOXTROT,LZ_SOUTH
FRNYPP,LZ_NORTH
FPP138,LZ_SOUTH
FP,LZ_HOUSTON
FRK,LZ_HOUSTON
FRANKC,LZ_SOUTH
FRA,LZ_NORTH
FRNKS,LZ_NORTH
FZ,LZ_HOUSTON
S4,LZ_SOUTH
FREDPHIL,LZ_SOUTH
T1,LZ_SOUTH
FREERS,LZ_SOUTH
FREER,LZ_SOUTH
FRE,LZ_NORTH
FM,LZ_HOUSTON
FSREA,LZ_NORTH
FRFWS,LZ_NORTH
FRENDSHP,LZ_NORTH
FRIEND,LZ_SOUTH
FRIOTOS,LZ_SOUTH
FRIO,LZ_SOUTH
FRIR,LZ_WEST
ROCKSPRS,LZ_SOUTH
FRS,LZ_NORTH
FRNKF,LZ_NORTH
FRSCW,LZ_NORTH
FHLSW,LZ_NORTH
FRY,LZ_HOUSTON
FR,LZ_HOUSTON
FCRSW,LZ_NORTH
PINTCR,LZ_SOUTH
FTBLOCKS,LZ_WEST
FORTDAVI,LZ_WEST
ILLN,LZ_WEST
FTLN,LZ_WEST
FTPP,LZ_WEST
RNS,LZ_HOUSTON
FTR,LZ_HOUSTON
FTSSW,LZ_NORTH
FTST,LZ_WEST
FT_CHADB,LZ_WEST
FT,LZ_HOUSTON
FULTONCP,LZ_SOUTH
FWLR_SLR,LZ_WEST
FW,LZ_HOUSTON
MIAM1,LZ_WEST
GAILS,LZ_WEST
GAINSVIL,LZ_NORTH
GNSVL,LZ_NORTH
GNSVE,LZ_NORTH
GET38,LZ_NORTH
GNSVN,LZ_NORTH
GALLOWAY,LZ_WEST
GALOW,LZ_SOUTH
GAMMA,LZ_NORTH
GANADOS,LZ_SOUTH
GANADO,LZ_SOUTH
GANDY,LZ_SOUTH
GARCENO,LZ_SOUTH
GARFIELD,LZ_SOUTH
GARFIE,LZ_SOUTH
GRLND,LZ_NORTH
GRLRD,LZ_NORTH
GRLWS,LZ_NORTH
GRVSW,LZ_WEST
GARWCI,LZ_SOUTH
GARWPREL,LZ_SOUTH
GARWPUMP,LZ_SOUTH
GARZA,LZ_SOUTH
GAR,LZ_HOUSTON
GTVAR,LZ_NORTH
GATESVIL,LZ_NORTH
GATE_WAY,LZ_SOUTH
GATOR,LZ_WEST
GA,LZ_HOUSTON
SHERSH,LZ_SOUTH
GCGV,LZ_SOUTH
BELLNO,LZ_SOUTH
GRADY,LZ_WEST
GYR,LZ_HOUSTON
GEB,LZ_HOUSTON
GMINI,LZ_NORTH
LGD,LZ_WEST
GNO,LZ_HOUSTON
GNTSW,LZ_WEST
LCKHD,LZ_NORTH
GEO,LZ_NORTH
GEOWSTS,LZ_SOUTH
GEORGWST,LZ_SOUTH
GEOWEST,LZ_SOUTH
GE,LZ_HOUSTON
GF,LZ_HOUSTON
GGPOI,LZ_WEST
GG,LZ_HOUSTON
BURNET,LZ_SOUTH
GIDEON,LZ_SOUTH
GILA,LZ_SOUTH
GILLES,LZ_SOUTH
GILL,LZ_WEST
GILLRINA,LZ_SOUTH
GIRARD,LZ_WEST
GLASSC,LZ_SOUTH
GLDSW,LZ_WEST
GLNHV,LZ_WEST
GLENROSE,LZ_NORTH
GLF,LZ_HOUSTON
GOLINDA,LZ_NORTH
GLNHT,LZ_NORTH
GLO,LZ_HOUSTON
GLSRANCH,LZ_WEST
GOULDBSK,LZ_WEST
GLSCK,LZ_WEST
GLSCN,LZ_WEST
TALLCITY,LZ_WEST
GL,LZ_HOUSTON
GRANMO,LZ_SOUTH
GN,LZ_HOUSTON
GODLY,LZ_NORTH
GOHLKE,LZ_SOUTH
GOLIAD,LZ_SOUTH
GONZALES,LZ_WEST
GOODLAND,LZ_NORTH
GOODLETT,LZ_WEST
GDL,LZ_NORTH
GDLTP,LZ_NORTH
GOODWIN,LZ_SOUTH
GOPHER,LZ_WEST
GDNVL,LZ_NORTH
GORMN,LZ_WEST
GOVTWELL,LZ_SOUTH
GPI,LZ_SOUTH
GP,LZ_HOUSTON
GDPRW,LZ_NORTH
GRNSW,LZ_NORTH
GRFRD,LZ_NORTH
GRMES,LZ_WEST
GRMSW,LZ_WEST
GRAHM,LZ_WEST
GRBY,LZ_NORTH
GVFTW,LZ_NORTH
GVODS,LZ_WEST
G0,LZ_SOUTH
GVGLF,LZ_NORTH
GDV,LZ_NORTH
GRNGR,LZ_SOUTH
GPLND,LZ_NORTH
GRAPEVIN,LZ_NORTH
GRAPMI,LZ_SOUTH
GRASLNDS,LZ_NORTH
GRAYBACK,LZ_WEST
GRBY8,LZ_NORTH
GREASWOD,LZ_WEST
GREENBR,LZ_NORTH
GREENLK,LZ_SOUTH
GN_S_I,LZ_NORTH
GRENWOOD,LZ_NORTH
F0,LZ_SOUTH
GREGORY,LZ_SOUTH
GRETA,LZ_SOUTH
GRSES,LZ_WEST
GRIFFITH,LZ_NORTH
GRIF_TRL,LZ_WEST
GRIZZLY,LZ_NORTH
BBTWN,LZ_NORTH
GAVSW,LZ_NORTH
GRO,LZ_NORTH
GRSBK,LZ_NORTH
GROVE,LZ_SOUTH
GPLMG,LZ_NORTH
GRSLK,LZ_NORTH
GRSMN,LZ_NORTH
GSTHW,LZ_NORTH
GRAHAMRD,LZ_NORTH
GR,LZ_HOUSTON
GSMTH,LZ_WEST
GSPOI,LZ_WEST
GS,LZ_HOUSTON
TGS,LZ_HOUSTON
PNPI,LZ_HOUSTON
TY_COOKE,LZ_WEST
GT,LZ_HOUSTON
GUADG,LZ_SOUTH
GULFX_RC,LZ_NORTH
GUNSO,LZ_WEST
GUNSW,LZ_WEST
GUSTINE,LZ_NORTH
GV,LZ_HOUSTON
GWDSW,LZ_WEST
GWEC,LZ_NORTH
GW,LZ_HOUSTON
GY,LZ_HOUSTON
HKBRY,LZ_NORTH
HDCL_CNR,LZ_WEST
HAD,LZ_HOUSTON
HAISLEY,LZ_SOUTH
HAINE_DR,LZ_SOUTH
HAL,LZ_NORTH
HALL_ACR,LZ_SOUTH
HAMILTN,LZ_SOUTH
HAMILTON,LZ_SOUTH
HAMLTON,LZ_NORTH
HAMLIN,LZ_WEST
HAMMOND,LZ_NORTH
HAMR,LZ_WEST
HAN1,LZ_NORTH
HNY,LZ_HOUSTON
HAN,LZ_HOUSTON
HANNIBAL,LZ_NORTH
HAPGOOD,LZ_WEST
HAPV,LZ_WEST
HARALD,LZ_WEST
NBOHR,LZ_WEST
HARDY,LZ_NORTH
HARIS,LZ_NORTH
HARI,LZ_WEST
HHSTH,LZ_NORTH
HKHTS,LZ_NORTH
P0,LZ_SOUTH
HARLIN_1,LZ_SOUTH
HARLNSW,LZ_SOUTH
J4,LZ_SOUTH
HARRBR,LZ_SOUTH
HARRIS,LZ_SOUTH
HARROLD,LZ_WEST
HARRY,LZ_NORTH
HASR,LZ_WEST
HAS,LZ_NORTH
HATC,LZ_WEST
HAT,LZ_HOUSTON
HAWKINSW,LZ_NORTH
HAYSEN,LZ_SOUTH
HA,LZ_HOUSTON
LVOK,LZ_WEST
HB,LZ_HOUSTON
HICROSS,LZ_SOUTH
HDSNOAKS,LZ_NORTH
HEARD,LZ_SOUTH
HEARNCTY,LZ_NORTH
HRN,LZ_NORTH
KOCH_UP,LZ_SOUTH
HEARN_RD,LZ_SOUTH
HBR,LZ_NORTH
HECKER,LZ_SOUTH
HEC,LZ_SOUTH
HEIGHTTN,LZ_HOUSTON
HEIGHTS,LZ_SOUTH
HEINES,LZ_SOUTH
HELENA,LZ_SOUTH
H3,LZ_SOUTH
HMPHL,LZ_NORTH
HNRTA,LZ_WEST
HENWE,LZ_WEST
HNSLS,LZ_NORTH
HERITAGE,LZ_NORTH
HERTG,LZ_NORTH
HEXT,LZ_SOUTH
HE,LZ_HOUSTON
HG,LZ_HOUSTON
HHOLLOW4,LZ_WEST
HIDALGO,LZ_SOUTH
HIDDENVL,LZ_SOUTH
HILND,LZ_NORTH
HIGHLAS,LZ_SOUTH
HIGHPNT,LZ_NORTH
HILCORP,LZ_HOUSTON
HT,LZ_HOUSTON
HILCR,LZ_WEST
HILLCITY,LZ_NORTH
HILLJE,LZ_SOUTH
HIL,LZ_NORTH
HI_LONEB,LZ_WEST
HLK,LZ_NORTH
HIM,LZ_HOUSTON
HISKY,LZ_WEST
HIWAY_9,LZ_SOUTH
HK,LZ_HOUSTON
HWRDLN,LZ_SOUTH
HELIOS,LZ_SOUTH
HLJ,LZ_SOUTH
HL,LZ_HOUSTON
HMTRD,LZ_NORTH
HOUSEMTN,LZ_WEST
HM,LZ_HOUSTON
HN,LZ_HOUSTON
HOCHHEIM,LZ_SOUTH
HODLRANC,LZ_WEST
HOEFSROA,LZ_WEST
HOGSW,LZ_NORTH
HOLCOMB,LZ_SOUTH
HLD,LZ_NORTH
HOLANDS,LZ_SOUTH
HOLDY,LZ_WEST
HOLLMI,LZ_SOUTH
HOLLY4,LZ_SOUTH
HOLLY,LZ_SOUTH
Z2,LZ_SOUTH
HOLSTEIN,LZ_WEST
HOMEPORT,LZ_SOUTH
HONDOCK,LZ_SOUTH
HONDOCS,LZ_SOUTH
HNYGR,LZ_NORTH
HOD,LZ_NORTH
HOP,LZ_HOUSTON
HORNET,LZ_SOUTH
HORSCR,LZ_WEST
HRTN,LZ_WEST
Q5,LZ_SOUTH
HPWSW,LZ_WEST
HP,LZ_HOUSTON
HORSECRK,LZ_WEST
HRSHD,LZ_WEST
HRZN_SLR,LZ_SOUTH
HR,LZ_HOUSTON
HSKAV,LZ_NORTH
HASKELL,LZ_WEST
HSPSW,LZ_WEST
HUB1,LZ_WEST
HUB2,LZ_WEST
HUBRD,LZ_NORTH
HUDSN,LZ_NORTH
SBE,LZ_HOUSTON
HUG,LZ_HOUSTON
HULLDALE,LZ_WEST
HUN,LZ_HOUSTON
HNTNG,LZ_NORTH
HURST,LZ_NORTH
HV,LZ_HOUSTON
HWKSW,LZ_NORTH
HWY6,LZ_NORTH
HX,LZ_HOUSTON
LPLHY,LZ_WEST
HY,LZ_HOUSTON
H_HOLLOW,LZ_WEST
IATMG,LZ_WEST
HOWRD,LZ_WEST
IBM_,LZ_NORTH
IDEALCEM,LZ_SOUTH
IMPACT,LZ_NORTH
IM,LZ_HOUSTON
INDIA,LZ_NORTH
INDIANGP,LZ_NORTH
INDNNWP,LZ_WEST
INDN,LZ_WEST
INDPK9,LZ_SOUTH
INDUSTRL,LZ_NORTH
INDUSTRI,LZ_SOUTH
INDST,LZ_NORTH
IND,LZ_HOUSTON
INDNENR,LZ_WEST
IND_PK_D,LZ_NORTH
INGLCOSW,LZ_SOUTH
INGLESID,LZ_SOUTH
INGRAM,LZ_SOUTH
INKSDA,LZ_SOUTH
INRT_W,LZ_WEST
INT,LZ_HOUSTON
INAIR,LZ_NORTH
IOLA,LZ_NORTH
IRAAN,LZ_WEST
IRASB,LZ_WEST
IRLBJ,LZ_NORTH
IRBRG,LZ_NORTH
IRBTP,LZ_NORTH
IRVBL,LZ_NORTH
IRVGS,LZ_NORTH
IRVHF,LZ_NORTH
IRVNG,LZ_NORTH
IRVNE,LZ_NORTH
IRVNR,LZ_NORTH
IRVVV,LZ_NORTH
VLYRN,LZ_NORTH
LGE,LZ_SOUTH
MARSFO,LZ_SOUTH
SILASRAY,LZ_SOUTH
SW_MESA,LZ_WEST
TNP_ONE,LZ_NORTH
TXCTY,LZ_HOUSTON
WOODWRD2,LZ_WEST
ITALY,LZ_NORTH
ITASCA,LZ_NORTH
ITSCA,LZ_NORTH
IT,LZ_HOUSTON
IVANS,LZ_WEST
IVEYBSTR,LZ_WEST
IVEYINTK,LZ_WEST
LMESASLR,LZ_WEST
I_DUPP1,LZ_SOUTH
I_DUPSW,LZ_SOUTH
JKSAM,LZ_NORTH
JACKFU,LZ_SOUTH
JACKR,LZ_WEST
JKSBR,LZ_NORTH
JCKSW,LZ_WEST
JKSSN,LZ_NORTH
JKREA,LZ_NORTH
JADE_SLR,LZ_WEST
MHOS,LZ_WEST
JARDIN,LZ_SOUTH
JREST,LZ_SOUTH
JATN,LZ_WEST
JAVELINA,LZ_SOUTH
JKSVL,LZ_NORTH
JAYBIRD,LZ_NORTH
JAYTON9,LZ_WEST
JAY,LZ_HOUSTON
JB3SB,LZ_NORTH
JC_BAT,LZ_SOUTH
JETT,LZ_SOUTH
JEAN,LZ_WEST
JFS,LZ_HOUSTON
JN,LZ_HOUSTON
JNKNS,LZ_NORTH
JESSICA,LZ_NORTH
JES,LZ_HOUSTON
JEWET,LZ_NORTH
JIMBRI,LZ_SOUTH
JIMNED,LZ_WEST
JKSES,LZ_NORTH
JKSNR,LZ_NORTH
JKWST,LZ_NORTH
JK_CK,LZ_NORTH
JKSSUBRC,LZ_NORTH
JMPMP,LZ_NORTH
JNDAY,LZ_NORTH
TEN,LZ_NORTH
JOHNCI,LZ_SOUTH
JOHNSON,LZ_NORTH
JNSVL,LZ_NORTH
JOLLYVIL,LZ_SOUTH
JON,LZ_HOUSTON
JOR,LZ_HOUSTON
JOSEY,LZ_NORTH
JOSHUA,LZ_NORTH
JSHUA,LZ_NORTH
JOSLIN,LZ_SOUTH
JOURDNTN,LZ_SOUTH
JOY,LZ_WEST
JP,LZ_HOUSTON
JUNO,LZ_WEST
JUDCT,LZ_NORTH
JUMBO,LZ_SOUTH
JUPITER,LZ_NORTH
JUSTINLN,LZ_SOUTH
KARAKAW2,LZ_SOUTH
K5,LZ_SOUTH
KAL,LZ_WEST
KAMEYS,LZ_SOUTH
KARNESCI,LZ_SOUTH
KR,LZ_HOUSTON
KATEMCY,LZ_SOUTH
KATOEN,LZ_SOUTH
WKYTP,LZ_NORTH
KATZP,LZ_WEST
KFMNW,LZ_NORTH
KFMSO,LZ_NORTH
KB,LZ_HOUSTON
KOCH,LZ_WEST
KCRSW,LZ_NORTH
KDL,LZ_HOUSTON
KEECHI,LZ_NORTH
KEN,LZ_NORTH
KEENE,LZ_NORTH
KEETER,LZ_NORTH
KEI,LZ_NORTH
KELAM_SL,LZ_NORTH
KELLR,LZ_NORTH
KELVIN,LZ_SOUTH
KLRMG,LZ_NORTH
KMPSO,LZ_NORTH
KENEDSW,LZ_SOUTH
KENEDYS,LZ_SOUTH
KENEDY,LZ_SOUTH
LFCML,LZ_NORTH
KNY,LZ_HOUSTON
KENTST,LZ_SOUTH
KEPLER,LZ_SOUTH
VALERO,LZ_SOUTH
KERNS,LZ_NORTH
KETCHUM,LZ_WEST
KEYSB,LZ_WEST
KYSTN,LZ_WEST
KEY_SW,LZ_SOUTH
KG,LZ_HOUSTON
KLCKR,LZ_NORTH
KLELM,LZ_NORTH
KILEN,LZ_NORTH
KLNCC,LZ_NORTH
KFHSW,LZ_NORTH
KLNFH,LZ_NORTH
KLNPS,LZ_NORTH
KLNTF,LZ_NORTH
KFHWS,LZ_NORTH
KLNSW,LZ_NORTH
KIMBALRD,LZ_NORTH
KIMBLE,LZ_SOUTH
KIMBRO,LZ_SOUTH
KNG,LZ_WEST
KINGMO,LZ_WEST
KINGRNCH,LZ_SOUTH
KINGSBER,LZ_SOUTH
KINGSVIL,LZ_SOUTH
KING_NW,LZ_WEST
KING_SE,LZ_WEST
KING_NE,LZ_WEST
KING_SW,LZ_WEST
KIOWA,LZ_NORTH
KIOWA_RC,LZ_NORTH
KMCHI,LZ_NORTH
KWASS,LZ_NORTH
C4,LZ_SOUTH
KIRKLAND,LZ_WEST
KITTIEWE,LZ_SOUTH
KLEBERG,LZ_SOUTH
KLBRG,LZ_NORTH
KLEIMA,LZ_SOUTH
KI,LZ_HOUSTON
KLNSO,LZ_NORTH
KLRPR,LZ_NORTH
KMASB,LZ_WEST
KMPSW,LZ_NORTH
KM,LZ_HOUSTON
KNGWTAP,LZ_WEST
KNIPPA,LZ_SOUTH
KARAKAW1,LZ_SOUTH
KNOX9,LZ_WEST
KNXC,LZ_WEST
KN,LZ_HOUSTON
KOCH_HF,LZ_SOUTH
KOENIG,LZ_SOUTH
KOSSE,LZ_NORTH
FOREST,LZ_NORTH
KRKPK,LZ_NORTH
KRNCH,LZ_WEST
KRSSW,LZ_WEST
KRGRV,LZ_NORTH
KRUMS,LZ_NORTH
KT,LZ_HOUSTON
WEBBER,LZ_SOUTH
KURTEN,LZ_NORTH
HIGH32,LZ_SOUTH
KWPOD,LZ_WEST
KW,LZ_HOUSTON
KYLE,LZ_SOUTH
LACY_CRK,LZ_WEST
LAGUNA,LZ_SOUTH
LKCR_RC,LZ_NORTH
LAKEDRIV,LZ_WEST
LAKEKEMP,LZ_WEST
LAKESHOR,LZ_SOUTH
LAKEPU,LZ_SOUTH
LKVEW,LZ_NORTH
LAKEWAY,LZ_SOUTH
LKWOD,LZ_NORTH
LKW,LZ_NORTH
LCSES,LZ_NORTH
LAK,LZ_HOUSTON
LMRBL,LZ_NORTH
LPCCS,LZ_NORTH
LAMPOST,LZ_NORTH
LANCTYPM,LZ_SOUTH
LANHAM,LZ_WEST
LANTANA,LZ_SOUTH
LAN,LZ_HOUSTON
LAN_CTY,LZ_SOUTH
LAPETUS,LZ_WEST
LAPRYOR,LZ_SOUTH
LARDVFTN,LZ_SOUTH
LARDVNTH,LZ_SOUTH
LARDVFTS,LZ_SOUTH
LARDVFT,LZ_SOUTH
LSCOL,LZ_NORTH
LASCRUCE,LZ_SOUTH
LASSO,LZ_WEST
LATIMER,LZ_NORTH
LAURELES,LZ_SOUTH
WYLPM,LZ_NORTH
LVNPM,LZ_NORTH
LAVON,LZ_NORTH
LAVON_RC,LZ_NORTH
LWSNR,LZ_NORTH
LWRDR,LZ_NORTH
LA,LZ_HOUSTON
LBM3,LZ_HOUSTON
LNGBRNCH,LZ_NORTH
FREDON,LZ_SOUTH
LC,LZ_SOUTH
COMSTOCK,LZ_WEST
SUNV,LZ_WEST
TREB_SLR,LZ_SOUTH
PRKWY,LZ_WEST
WEPOD,LZ_WEST
MKNSO,LZ_NORTH
NORDWE,LZ_SOUTH
LOSTCR,LZ_SOUTH
PGSTH,LZ_WEST
PTENN,LZ_NORTH
FTPHPUMP,LZ_WEST
SANDUSKY,LZ_WEST
HAYNES,LZ_WEST
LV1,LZ_SOUTH
LOSTPI,LZ_SOUTH
LV2,LZ_SOUTH
LON,LZ_HOUSTON
MARANA,LZ_SOUTH
MARBFA,LZ_SOUTH
LEAGCITY,LZ_HOUSTON
LEARY_LN,LZ_SOUTH
LEBNONA,LZ_NORTH
LEGACY,LZ_NORTH
LEG,LZ_NORTH
LEHIGH,LZ_SOUTH
ATLAS,LZ_NORTH
LEMAY,LZ_SOUTH
LEMON,LZ_NORTH
LEO,LZ_NORTH
LEONAS,LZ_SOUTH
LEONJNCT,LZ_NORTH
LEON_CRK,LZ_SOUTH
LINCOL,LZ_SOUTH
LWSVL,LZ_NORTH
LWSSW,LZ_NORTH
LFKHL,LZ_NORTH
SANTIAGO,LZ_WEST
LGW,LZ_NORTH
LHSES,LZ_NORTH
LHLSW,LZ_NORTH
LHORN_N,LZ_WEST
LH,LZ_HOUSTON
LBRPD,LZ_NORTH
LIBERTY,LZ_NORTH
LB,LZ_HOUSTON
LIBR,LZ_WEST
LIBTY_RC,LZ_NORTH
LIGSW,LZ_NORTH
LIG,LZ_HOUSTON
LIL,LZ_NORTH
LIM,LZ_HOUSTON
LNDAL,LZ_NORTH
LYTLE2,LZ_SOUTH
LNG,LZ_NORTH
LNGTP,LZ_NORTH
LIPAN,LZ_NORTH
LIPTON,LZ_SOUTH
LIQAR,LZ_WEST
LTLRV,LZ_NORTH
LITTLHOS,LZ_NORTH
WTH_LVOK,LZ_NORTH
LVOAK,LZ_NORTH
LIVE_OAK,LZ_SOUTH
LJ,LZ_HOUSTON
LAL,LZ_NORTH
LKARH,LZ_WEST
LHPMP,LZ_NORTH
LKHLD,LZ_NORTH
LKJNP,LZ_NORTH
MABELLE,LZ_WEST
LKMNT,LZ_NORTH
LOCKETT,LZ_WEST
LKTXP,LZ_NORTH
LKTMS,LZ_WEST
TAHIVI,LZ_SOUTH
LKVEW_RC,LZ_NORTH
LKWSW,LZ_WEST
LK,LZ_HOUSTON
LK_FORK,LZ_NORTH
LMAJADAS,LZ_SOUTH
LOMAL,LZ_NORTH
LM,LZ_HOUSTON
CREOSOTE,LZ_WEST
LNCST,LZ_NORTH
LNPOD,LZ_WEST
VALERO_E,LZ_SOUTH
MAGILL,LZ_SOUTH
TRIBUTE,LZ_WEST
TERRAVER,LZ_SOUTH
KIRCHHOF,LZ_WEST
REVEILLE,LZ_SOUTH
NEDIN,LZ_SOUTH
MATHIS,LZ_SOUTH
MAXWELL,LZ_SOUTH
MCCAMPBE,LZ_SOUTH
TULETA,LZ_SOUTH
MARCONI,LZ_SOUTH
BESSEL,LZ_SOUTH
SEADRFTC,LZ_SOUTH
N_SHARPE,LZ_SOUTH
OXY_INGL,LZ_SOUTH
TREADWEL,LZ_WEST
SRWE1,LZ_WEST
TEXISLE,LZ_SOUTH
PIGCREEK,LZ_WEST
PANTERA,LZ_SOUTH
WORSHAM,LZ_WEST
DOWLNG,LZ_NORTH
BEBACK,LZ_SOUTH
BLANCO,LZ_SOUTH
CLEAFO,LZ_SOUTH
SHINER,LZ_SOUTH
WILSON,LZ_SOUTH
MAVCRK_E,LZ_WEST
LOLITA,LZ_SOUTH
LOMA_ALT,LZ_SOUTH
LOM,LZ_HOUSTON
LMBLN,LZ_NORTH
LONESTR,LZ_NORTH
LNSTC,LZ_WEST
LONETRS,LZ_SOUTH
LONETREE,LZ_SOUTH
LONE_STR,LZ_SOUTH
LONGWRTH,LZ_WEST
LON_HILL,LZ_SOUTH
L_463S,LZ_SOUTH
LORENA,LZ_NORTH
LOSANGEL,LZ_SOUTH
LOUISES,LZ_SOUTH
LOVNG,LZ_WEST
LOYOLA,LZ_SOUTH
ALPR,LZ_WEST
LPPOD,LZ_WEST
LP,LZ_HOUSTON
LONESTAR,LZ_WEST
LOMETA,LZ_NORTH
SMILEY,LZ_SOUTH
LTFRD,LZ_NORTH
LTVSB,LZ_NORTH
LTV_D,LZ_NORTH
LFEST,LZ_NORTH
LFSTH,LZ_NORTH
LUFKN,LZ_NORTH
LPRSH,LZ_NORTH
LFPTP,LZ_NORTH
LFKTP,LZ_NORTH
LUNA,LZ_SOUTH
LU,LZ_HOUSTON
LV3,LZ_SOUTH
LV4,LZ_SOUTH
LVBRD,LZ_NORTH
LV,LZ_HOUSTON
LWRNC,LZ_NORTH
LW,LZ_HOUSTON
LEONRDRC,LZ_NORTH
LYONS_C,LZ_NORTH
X2,LZ_SOUTH
LYTTON_S,LZ_SOUTH
LY,LZ_HOUSTON
LZB,LZ_HOUSTON
ADAMSV,LZ_NORTH
ALUMCR,LZ_SOUTH
ALTAIR,LZ_SOUTH
ANTLER,LZ_SOUTH
T0,LZ_SOUTH
BALCON,LZ_SOUTH
BASTCI,LZ_SOUTH
BASTWE,LZ_SOUTH
BERNAR,LZ_SOUTH
BERTRA,LZ_SOUTH
BIRDHO,LZ_SOUTH
BLUFFT,LZ_SOUTH
BOERNE,LZ_SOUTH
BRENHA,LZ_SOUTH
BRENNO,LZ_SOUTH
BUDA,LZ_SOUTH
BUTLER,LZ_SOUTH
BUTTER,LZ_SOUTH
CAMPGA,LZ_SOUTH
CEDAHI,LZ_SOUTH
CEDAVA,LZ_SOUTH
CENTEX,LZ_SOUTH
CHAPHI,LZ_SOUTH
CHIEBR,LZ_SOUTH
CIBOLO,LZ_SOUTH
CICO,LZ_SOUTH
COMAL,LZ_SOUTH
COOKPO,LZ_SOUTH
COST,LZ_SOUTH
CRANMI,LZ_SOUTH
CTECBU,LZ_SOUTH
CUERO,LZ_SOUTH
DALE,LZ_SOUTH
DELHI,LZ_SOUTH
DOBYVI,LZ_SOUTH
DOSS,LZ_SOUTH
EAGLLA,LZ_SOUTH
EBABES,LZ_SOUTH
ECKERT,LZ_SOUTH
ENGLE,LZ_SOUTH
ESCARP,LZ_SOUTH
FPPRIP,LZ_SOUTH
FISCHE,LZ_SOUTH
FLATRO,LZ_SOUTH
FORDTRN,LZ_SOUTH
FREDER,LZ_SOUTH
FREIHE,LZ_SOUTH
FRELSB,LZ_SOUTH
FOSTSW,LZ_WEST
GABRIE,LZ_SOUTH
GAYHIL,LZ_SOUTH
GEORSO,LZ_SOUTH
GERONI,LZ_SOUTH
GIDDIN,LZ_SOUTH
GLIDDE,LZ_SOUTH
GOEHLA,LZ_SOUTH
GOFORT,LZ_SOUTH
GONZAL,LZ_SOUTH
GONZGV,LZ_SOUTH
GPISWI,LZ_SOUTH
L_GRULLA,LZ_SOUTH
GUYBUR,LZ_SOUTH
HALLET,LZ_SOUTH
HARPER,LZ_SOUTH
HARPRO,LZ_SOUTH
HARWOO,LZ_SOUTH
HAYTER,LZ_WEST
HEADWA,LZ_SOUTH
HENLY,LZ_SOUTH
HENNE,LZ_SOUTH
HICROS,LZ_SOUTH
HILBIG,LZ_SOUTH
HILLTO,LZ_SOUTH
HORNSB,LZ_SOUTH
HORSBA,LZ_SOUTH
HORTON,LZ_SOUTH
HUNTER,LZ_SOUTH
HUNT,LZ_SOUTH
KEMPNE,LZ_NORTH
KENDCT,LZ_SOUTH
KERRST,LZ_SOUTH
KING_1,LZ_SOUTH
KING_2,LZ_SOUTH
LAGOVI,LZ_SOUTH
LAKEWD,LZ_SOUTH
LAKEWY,LZ_SOUTH
LAMPAS,LZ_NORTH
LAVERN,LZ_SOUTH
LEAKEY,LZ_SOUTH
LEANDE,LZ_SOUTH
LEXING,LZ_SOUTH
LIVEOA,LZ_SOUTH
LOCKHA,LZ_SOUTH
LOP337,LZ_SOUTH
LULIMA,LZ_SOUTH
LULING,LZ_SOUTH
LYLEWO,LZ_SOUTH
LYONS,LZ_SOUTH
MACEDO,LZ_SOUTH
MAGNME,LZ_SOUTH
MANCHA,LZ_SOUTH
MANOR,LZ_SOUTH
MARION,LZ_SOUTH
MASOCR,LZ_SOUTH
MAXZUE,LZ_SOUTH
MCCALA,LZ_SOUTH
MCNEIL_,LZ_SOUTH
MCQUEE,LZ_SOUTH
MEADLA,LZ_SOUTH
MEDINA1,LZ_SOUTH
MENDOZ,LZ_SOUTH
MENGCR,LZ_SOUTH
MILLER,LZ_SOUTH
L_MILPAS,LZ_SOUTH
MOUNHO,LZ_SOUTH
MOUNTO,LZ_SOUTH
NAMELE,LZ_SOUTH
NASHCR,LZ_SOUTH
NEWBRE,LZ_SOUTH
NEWJUNC,LZ_SOUTH
NEWROS,LZ_SOUTH
NIMITZ,LZ_SOUTH
NIXOGV,LZ_SOUTH
NIXON,LZ_SOUTH
OTTINE,LZ_SOUTH
PAIGE,LZ_SOUTH
PALEFA,LZ_SOUTH
PALEPE,LZ_SOUTH
PARKWA,LZ_SOUTH
PHILJC,LZ_SOUTH
PIPECR,LZ_SOUTH
PISEK,LZ_SOUTH
PITSBU,LZ_SOUTH
PLUM,LZ_SOUTH
POOLRO,LZ_SOUTH
PRAIVI,LZ_SOUTH
QUANEX,LZ_SOUTH
RNRD12,LZ_SOUTH
RATTLE,LZ_SOUTH
REDROC,LZ_SOUTH
REDWOO,LZ_SOUTH
RICHSP,LZ_NORTH
RIVEOA,LZ_SOUTH
RIVERS,LZ_SOUTH
RIVERY,LZ_SOUTH
ROBRJR,LZ_SOUTH
ROHR,LZ_SOUTH
ROSICR,LZ_SOUTH
ROUNTO,LZ_SOUTH
RUTHER,LZ_SOUTH
SALEM,LZ_SOUTH
SANDHI,LZ_SOUTH
SANMAR,LZ_SOUTH
SANTCL,LZ_SOUTH
SATTLE,LZ_SOUTH
SCHERT,LZ_SOUTH
SCHULE,LZ_SOUTH
SCHUMA,LZ_SOUTH
SEAWAY,LZ_SOUTH
SEGOVI,LZ_SOUTH
SETTLE,LZ_SOUTH
SHADGL,LZ_SOUTH
SHERPO,LZ_SOUTH
SHINGV,LZ_SOUTH
SMITHV,LZ_SOUTH
SMI,LZ_SOUTH
SODALA,LZ_WEST
SPICEW,LZ_SOUTH
STRAHAT1,LZ_SOUTH
SUNNYS,LZ_SOUTH
SUNRBE,LZ_SOUTH
SWEEHO,LZ_SOUTH
SWIFTE,LZ_SOUTH
TARPLE,LZ_SOUTH
TERRY,LZ_NORTH
THOMPS,LZ_SOUTH
TRADPO,LZ_SOUTH
TURNER,LZ_SOUTH
TURTCR,LZ_SOUTH
TXI1,LZ_SOUTH
UTOPIA,LZ_SOUTH
VERDCR,LZ_SOUTH
WAELDE,LZ_SOUTH
WALLER,LZ_SOUTH
WARDA,LZ_SOUTH
WEIDER,LZ_SOUTH
WEIMAR,LZ_SOUTH
WELCOM,LZ_SOUTH
WELFAR,LZ_SOUTH
WELLBR,LZ_SOUTH
WELTRO,LZ_SOUTH
WESSER,LZ_SOUTH
WHITES,LZ_SOUTH
WILLSP,LZ_SOUTH
WOLFCR,LZ_SOUTH
WOLFLA,LZ_SOUTH
YOAKUM,LZ_SOUTH
ZORN,LZ_SOUTH
M3,LZ_SOUTH
MABNK,LZ_NORTH
MAGNOLIA,LZ_SOUTH
MAGNO_TN,LZ_HOUSTON
MAGPLANT,LZ_SOUTH
MAGRUDER,LZ_SOUTH
MALONEY,LZ_NORTH
MLKF2,LZ_NORTH
MALONE,LZ_SOUTH
MALSW,LZ_SOUTH
MAMIE_D,LZ_NORTH
MNFLD,LZ_NORTH
MANSW,LZ_NORTH
MAPLE,LZ_NORTH
MARAK,LZ_NORTH
MARFA,LZ_WEST
MARGARET,LZ_WEST
MARIAH,LZ_WEST
MARKHAM,LZ_SOUTH
MRKLY,LZ_WEST
MARQUIS,LZ_NORTH
MSHLN,LZ_NORTH
MARTIN,LZ_WEST
MARYNEAL,LZ_WEST
MAR,LZ_HOUSTON
MASN,LZ_SOUTH
MASONPHI,LZ_SOUTH
MASON,LZ_WEST
MASONSW,LZ_SOUTH
MATA,LZ_WEST
MATHI_ST,LZ_SOUTH
MATTHE,LZ_SOUTH
MAVCRK_W,LZ_WEST
MAVERICK,LZ_SOUTH
MAYBERRY,LZ_SOUTH
MAYO,LZ_SOUTH
MYPRL,LZ_NORTH
MYPTX,LZ_NORTH
MBDSW,LZ_NORTH
MBNKSSRC,LZ_NORTH
MB,LZ_HOUSTON
MCAD,LZ_WEST
MCAM,LZ_WEST
MCAN,LZ_WEST
NORTMC,LZ_WEST
LPLMC,LZ_WEST
MCB,LZ_HOUSTON
MCCOY,LZ_SOUTH
MCDMT,LZ_NORTH
MCDON,LZ_NORTH
MCELROY,LZ_WEST
MCFADIS,LZ_SOUTH
MCGHR,LZ_NORTH
MCGREGOR,LZ_NORTH
MCGPH,LZ_NORTH
MCKMY,LZ_NORTH
MUSTNGCK,LZ_SOUTH
MCKENZIE,LZ_SOUTH
MKNNY,LZ_NORTH
MCWHT,LZ_NORTH
MKNSW,LZ_NORTH
MCK,LZ_HOUSTON
MCLNSLR,LZ_SOUTH
MCMURRY,LZ_WEST
MCOLL_RD,LZ_SOUTH
MCPHERSN,LZ_NORTH
MCPOD,LZ_WEST
MCTYE,LZ_NORTH
MC,LZ_HOUSTON
LPLMD,LZ_WEST
MDANP,LZ_NORTH
MDFRM,LZ_WEST
MDHOL,LZ_NORTH
MDTXI,LZ_NORTH
MDTHN,LZ_NORTH
DISCOVER,LZ_WEST
MDWCK,LZ_NORTH
MDWPK,LZ_NORTH
X1,LZ_SOUTH
MEDIOCRK,LZ_SOUTH
MELVIN,LZ_WEST
SHRTI,LZ_NORTH
MEMCS,LZ_NORTH
MEMWT,LZ_NORTH
MERCURY,LZ_WEST
MERETT,LZ_SOUTH
R2,LZ_SOUTH
MERK,LZ_WEST
MERTZON,LZ_WEST
MRTNS,LZ_NORTH
MERT,LZ_WEST
MESAVIEW,LZ_WEST
MEVISW,LZ_WEST
MESQCRK,LZ_WEST
MESQUITE,LZ_SOUTH
MESTENO,LZ_SOUTH
METCENTR,LZ_SOUTH
MEXIA,LZ_NORTH
ME,LZ_HOUSTON
MGPSW,LZ_NORTH
MGIND,LZ_NORTH
MHPOD,LZ_WEST
MDBSN,LZ_WEST
MIDWIND,LZ_SOUTH
MIDWESTS,LZ_SOUTH
PEMKIFF,LZ_WEST
MDAIR,LZ_WEST
MDDTN,LZ_WEST
MDGLF,LZ_WEST
MIDNT,LZ_SOUTH
MIDTOWN,LZ_SOUTH
MIDV,LZ_WEST
MIDWAY,LZ_NORTH
MIDWPUMP,LZ_SOUTH
MIDWY,LZ_WEST
MIDW,LZ_WEST
MID,LZ_HOUSTON
MILANO,LZ_SOUTH
MILES,LZ_WEST
MLFEX,LZ_NORTH
MEXTP,LZ_NORTH
MILITARY,LZ_SOUTH
MILO,LZ_SOUTH
MIL,LZ_NORTH
MNRVA,LZ_SOUTH
MINES_RD,LZ_SOUTH
MNWLE,LZ_NORTH
MNWLW,LZ_NORTH
MIRACLAK,LZ_SOUTH
MIRAGE,LZ_HOUSTON
MSTLT,LZ_NORTH
LPLMK,LZ_WEST
SCOTT,LZ_WEST
MLDR2,LZ_NORTH
MLR,LZ_HOUSTON
MLSSA_RC,LZ_NORTH
MMILL,LZ_NORTH
SWEETWN5,LZ_WEST
MNSES,LZ_NORTH
FRMRSVLW,LZ_NORTH
RINGO,LZ_WEST
MVHILINE,LZ_SOUTH
MOCKINGB,LZ_SOUTH
MKNGB,LZ_WEST
MOFFAT,LZ_NORTH
MNT,LZ_HOUSTON
MNHNS,LZ_WEST
MSN,LZ_HOUSTON
MONT,LZ_SOUTH
MONTELL,LZ_SOUTH
MTFSW,LZ_NORTH
MOODY,LZ_NORTH
MDY,LZ_HOUSTON
MOORES,LZ_SOUTH
MOORE_FL,LZ_SOUTH
MOORE_,LZ_WEST
MOORE,LZ_SOUTH
MORGAN,LZ_NORTH
MRN,LZ_HOUSTON
MORHD,LZ_NORTH
MORRIS,LZ_SOUTH
MRVLY,LZ_WEST
MOR,LZ_HOUSTON
MNMIN,LZ_NORTH
MNTTP,LZ_NORTH
MOULTO,LZ_SOUTH
MOUND,LZ_NORTH
MOUNTARY,LZ_NORTH
MP,LZ_HOUSTON
MRAN,LZ_WEST
MRE,LZ_HOUSTON
MRLNS,LZ_NORTH
MRSES,LZ_NORTH
MSLSW,LZ_NORTH
PKLAKE,LZ_WEST
MRTSP,LZ_NORTH
MSLMN,LZ_NORTH
MESQT,LZ_NORTH
MESQE,LZ_NORTH
MESFR,LZ_NORTH
MESQN,LZ_NORTH
MESTE,LZ_NORTH
MESQW,LZ_NORTH
MESWE,LZ_NORTH
MSRPD,LZ_WEST
MSTNG,LZ_WEST
MTBCH,LZ_WEST
MTLDA,LZ_NORTH
MTL,LZ_HOUSTON
MTNSPRGS,LZ_NORTH
MUELLER,LZ_SOUTH
MUENSTER,LZ_NORTH
MNSTR,LZ_NORTH
MLA,LZ_HOUSTON
MUNDAYR2,LZ_WEST
MUNDAYST,LZ_WEST
EASTMUND,LZ_WEST
MCHSN,LZ_NORTH
MRDCK,LZ_NORTH
MURPH,LZ_NORTH
MURRAY,LZ_WEST
MUSQUIZ,LZ_WEST
MUSTANG,LZ_SOUTH
MU,LZ_HOUSTON
MVRANGER,LZ_SOUTH
MVRCK,LZ_WEST
MV,LZ_HOUSTON
AZTECA,LZ_SOUTH
MV_BURNS,LZ_SOUTH
MV_CNTRA,LZ_SOUTH
MV_COOK1,LZ_SOUTH
MV_COOK2,LZ_SOUTH
MV_DOEDN,LZ_SOUTH
MV_ERAY2,LZ_SOUTH
MV_HBRG4,LZ_SOUTH
MV_HW511,LZ_SOUTH
MV_LASAR,LZ_SOUTH
MV_PALM4,LZ_SOUTH
MV_RIOHO,LZ_SOUTH
MV_VALV4,LZ_SOUTH
MV_WEDN4,LZ_SOUTH
MV_WESL4,LZ_SOUTH
MV_YUTT,LZ_SOUTH
MWEC,LZ_WEST
WIMBER,LZ_SOUTH
MWPOD,LZ_WEST
MYK,LZ_HOUSTON
MYRA,LZ_NORTH
MYR,LZ_HOUSTON
MY,LZ_HOUSTON
MIDSTRM,LZ_SOUTH
NAAMAN,LZ_NORTH
NCNTH,LZ_NORTH
NCSTH,LZ_NORTH
NCDSW,LZ_NORTH
NCSFA,LZ_NORTH
NADAS,LZ_SOUTH
NARUNA,LZ_SOUTH
NAS,LZ_NORTH
NATALISS,LZ_SOUTH
SLSRANCH,LZ_WEST
NAVALBAS,LZ_SOUTH
NVARO,LZ_NORTH
NAVARRO,LZ_NORTH
NAVO,LZ_NORTH
NVKSW,LZ_WEST
NVRML,LZ_NORTH
NBATSVS,LZ_SOUTH
NB,LZ_HOUSTON
NCALHMS,LZ_SOUTH
NCDSE,LZ_NORTH
NCLMVLS,LZ_SOUTH
LPLNE,LZ_WEST
NEBULA,LZ_SOUTH
NECSP,LZ_NORTH
NEWBER,LZ_SOUTH
NELSW,LZ_WEST
NEWARK,LZ_NORTH
NEWBARKS,LZ_SOUTH
NEW,LZ_SOUTH
NHP,LZ_NORTH
NEWPORT,LZ_WEST
NYLDV,LZ_NORTH
CSUNGATE,LZ_NORTH
NHNSW,LZ_NORTH
NSH,LZ_HOUSTON
NIMROD,LZ_NORTH
NTH,LZ_HOUSTON
NIPAK,LZ_NORTH
NIXOAE,LZ_SOUTH
NLARSW,LZ_SOUTH
NLAMESA,LZ_WEST
NWST2_TA,LZ_WEST
NLPOD,LZ_WEST
NLSES,LZ_NORTH
NMSES,LZ_NORTH
TNNMITCH,LZ_WEST
NM,LZ_HOUSTON
NNTRL,LZ_WEST
NNTWK,LZ_NORTH
NBL,LZ_HOUSTON
NOBLESLR,LZ_NORTH
NOCONA,LZ_NORTH
NLNVL,LZ_NORTH
NWEST_TA,LZ_WEST
NORDHE,LZ_SOUTH
NRFORK,LZ_NORTH
NORMANNA,LZ_SOUTH
RVRSW,LZ_WEST
NORTHLAN,LZ_SOUTH
NSTAR,LZ_WEST
NORTHWES,LZ_SOUTH
NZL,LZ_NORTH
NORSW,LZ_NORTH
IRVND,LZ_NORTH
NOR,LZ_HOUSTON
NOVA2SLR,LZ_WEST
NOVICE,LZ_WEST
NOPAL,LZ_SOUTH
NPKWY,LZ_NORTH
NP,LZ_HOUSTON
NSANGER,LZ_NORTH
NWTHRFRD,LZ_NORTH
NRTH,LZ_WEST
NSPOI,LZ_WEST
NS,LZ_HOUSTON
NTPOI,LZ_WEST
NUCOR,LZ_NORTH
NUGENT,LZ_WEST
NURSRYS,LZ_SOUTH
NVAP_345,LZ_WEST
NVPOD,LZ_WEST
NV,LZ_HOUSTON
LPLNW,LZ_WEST
NWESLACO,LZ_SOUTH
SGMTN,LZ_WEST
NWTER_RC,LZ_NORTH
NWWYL_RC,LZ_NORTH
NXPOD,LZ_WEST
NYSS_RC,LZ_NORTH
N_ALAMO,LZ_SOUTH
N_ELLA,LZ_SOUTH
N_MCALLN,LZ_SOUTH
N_MERCED,LZ_SOUTH
N_PADRE,LZ_SOUTH
N_VICT,LZ_SOUTH
OAKCK,LZ_WEST
OAKC,LZ_WEST
OAKHILL,LZ_SOUTH
OAKLAND,LZ_NORTH
OKLND,LZ_NORTH
OAKPNT,LZ_NORTH
OAKS9,LZ_SOUTH
OAS,LZ_HOUSTON
OATES,LZ_NORTH
OA,LZ_HOUSTON
OB,LZ_HOUSTON
OBRIN,LZ_WEST
OCONNOR,LZ_SOUTH
ODBSN,LZ_WEST
ODEMSAND,LZ_SOUTH
ODEM,LZ_SOUTH
ODESW,LZ_WEST
ODOM_RC,LZ_NORTH
OECCS,LZ_WEST
OGALLALA,LZ_WEST
OAKGRVRC,LZ_NORTH
OILML,LZ_NORTH
LPLOL,LZ_WEST
OLDEN,LZ_WEST
OLE,LZ_NORTH
OLFSW,LZ_WEST
OLIVIAS,LZ_SOUTH
OLLINPHI,LZ_WEST
OLLIN,LZ_WEST
OLMITO,LZ_SOUTH
OLMOS_S,LZ_SOUTH
OLN,LZ_WEST
OMPOD,LZ_WEST
ONEAL,LZ_NORTH
ONION,LZ_SOUTH
ONYXREA,LZ_WEST
ORNGRVS,LZ_SOUTH
ORANS,LZ_NORTH
ORION,LZ_HOUSTON
ORNGROV,LZ_SOUTH
NICOLE,LZ_WEST
ORNT,LZ_WEST
OR,LZ_HOUSTON
OTTOJ,LZ_NORTH
OUTSW,LZ_NORTH
OVRTN,LZ_NORTH
OWF,LZ_WEST
OWLHL,LZ_WEST
OXYSB,LZ_WEST
OXYSOLAR,LZ_WEST
OXY_CC,LZ_SOUTH
OZONA,LZ_WEST
OZNC,LZ_WEST
P2,LZ_SOUTH
P66_3,LZ_HOUSTON
PADC,LZ_WEST
PADUCAR2,LZ_WEST
PADU,LZ_WEST
PFFRD,LZ_NORTH
PAGE,LZ_WEST
PAINTCRE,LZ_WEST
PIR,LZ_HOUSTON
PAIS,LZ_WEST
PLACIOS,LZ_SOUTH
PALACIOS,LZ_SOUTH
PLSTN,LZ_NORTH
PALMHURS,LZ_SOUTH
PALMVIEW,LZ_SOUTH
PALOALTO,LZ_SOUTH
PALOUSE,LZ_WEST
PLSTH,LZ_NORTH
PANAMERI,LZ_WEST
PANDALE,LZ_WEST
PNTGO,LZ_NORTH
PC_SOUTH,LZ_WEST
PAREDES,LZ_SOUTH
PARIS,LZ_NORTH
PREST,LZ_NORTH
KMBCL,LZ_NORTH
PRNTH,LZ_NORTH
PDSES,LZ_NORTH
PKRSW,LZ_NORTH
PARKER,LZ_SOUTH
PRKRW,LZ_NORTH
Y3,LZ_SOUTH
PARVIN,LZ_NORTH
PATN_RC,LZ_NORTH
PATRICIA,LZ_WEST
PATTON,LZ_SOUTH
PAT,LZ_HOUSTON
PAULANN,LZ_WEST
PAUL,LZ_WEST
PAVLOV,LZ_SOUTH
PAWNEE,LZ_SOUTH
PA,LZ_HOUSTON
PB2SES,LZ_WEST
PC_NORTH,LZ_WEST
PCTSW,LZ_WEST
PCUST,LZ_NORTH
PEAC,LZ_WEST
PEARSAL1,LZ_SOUTH
PEBSW,LZ_NORTH
PECAN_BY,LZ_WEST
PECAN,LZ_WEST
PECKS,LZ_WEST
PECN_GRV,LZ_WEST
SCIMPECB,LZ_WEST
PEDENRD,LZ_NORTH
PEDERNAL,LZ_SOUTH
PEGAS,LZ_WEST
PENDULO,LZ_WEST
PEORIA,LZ_NORTH
PRCHHILL,LZ_NORTH
PBSES,LZ_WEST
PERIN,LZ_NORTH
PRNTP,LZ_NORTH
PRY,LZ_NORTH
PES1,LZ_HOUSTON
PET,LZ_HOUSTON
PETEWAY,LZ_NORTH
PETTUS,LZ_SOUTH
PEY,LZ_HOUSTON
PE,LZ_HOUSTON
PFLGV,LZ_SOUTH
PLEAFA,LZ_WEST
PG,LZ_HOUSTON
PHARAOH,LZ_SOUTH
PHARMVEC,LZ_SOUTH
PHARR,LZ_SOUTH
PHBL,LZ_WEST
PHOEBE,LZ_WEST
PHILLPS5,LZ_HOUSTON
MENPHTAP,LZ_SOUTH
PHNTMHL,LZ_WEST
PHR,LZ_HOUSTON
PICACHO,LZ_SOUTH
PILONCIL,LZ_SOUTH
PILOT,LZ_SOUTH
PINECR,LZ_SOUTH
PINSW,LZ_SOUTH
PIONEERS,LZ_SOUTH
PIRATE,LZ_SOUTH
PISGAH,LZ_NORTH
PIPELI,LZ_SOUTH
PI,LZ_HOUSTON
PJPTR,LZ_NORTH
PJ,LZ_HOUSTON
PKRMX_RC,LZ_NORTH
PK,LZ_HOUSTON
PLCEDOS,LZ_SOUTH
PLACEDO,LZ_SOUTH
PLANVWS,LZ_SOUTH
PLVWT,LZ_WEST
PO,LZ_HOUSTON
PLA,LZ_HOUSTON
PLEASN69,LZ_SOUTH
PLVSW,LZ_WEST
PLSNTGRV,LZ_NORTH
PLGRV,LZ_NORTH
PLN,LZ_SOUTH
PLOWB,LZ_WEST
PLPOD,LZ_WEST
PROAD,LZ_NORTH
PLSSP,LZ_NORTH
PLST,LZ_WEST
PLUTO,LZ_NORTH
PLANO,LZ_NORTH
PALRD,LZ_NORTH
PARCO,LZ_NORTH
PCOIT,LZ_NORTH
PPARK,LZ_NORTH
PSHIL,LZ_NORTH
PWEST,LZ_NORTH
PNKHL_RC,LZ_NORTH
PNKNY,LZ_NORTH
PNTHRCRK,LZ_NORTH
PGE,LZ_NORTH
PLKST,LZ_NORTH
POLK_AVE,LZ_SOUTH
PLYAM,LZ_NORTH
POND,LZ_WEST
PORTLAND,LZ_SOUTH
PTR,LZ_NORTH
PORT_A,LZ_SOUTH
PRT,LZ_HOUSTON
POSTOAK,LZ_WEST
POTEETS,LZ_SOUTH
POTSVIL,LZ_NORTH
POWELL,LZ_NORTH
PWL,LZ_HOUSTON
POWEL,LZ_NORTH
POWELLFI,LZ_WEST
POYNR,LZ_NORTH
PPGOP,LZ_WEST
WFPPG,LZ_WEST
P_PANDLE,LZ_WEST
PRA,LZ_NORTH
PRAIRPMP,LZ_SOUTH
PRANCH,LZ_SOUTH
PRAXAIR,LZ_NORTH
PRCSW,LZ_NORTH
PREMONT,LZ_SOUTH
PRICE_RD,LZ_SOUTH
PRIDDY,LZ_NORTH
PRIMERA,LZ_SOUTH
PRFTW,LZ_NORTH
PRK,LZ_HOUSTON
PRMED,LZ_NORTH
PROGRESO,LZ_SOUTH
PRO,LZ_HOUSTON
PRSMNGAP,LZ_WEST
PURGRO,LZ_SOUTH
PRUITT,LZ_NORTH
PR,LZ_HOUSTON
PSG,LZ_HOUSTON
PRSTN,LZ_NORTH
PTCOMFOR,LZ_SOUTH
PTPOD,LZ_WEST
PAINTROC,LZ_WEST
PT,LZ_HOUSTON
PUEBLO,LZ_SOUTH
PUMPR,LZ_WEST
PUNCHER,LZ_SOUTH
PURDON,LZ_NORTH
PUTM,LZ_WEST
PALMWIND,LZ_SOUTH
PWPOD,LZ_WEST
FRPOI,LZ_WEST
PW,LZ_HOUSTON
PYOTE,LZ_WEST
PZ,LZ_HOUSTON
P_ISABEL,LZ_SOUTH
P_LAVACA,LZ_SOUTH
Q3,LZ_SOUTH
QAB,LZ_HOUSTON
QNLTP,LZ_NORTH
QNM,LZ_HOUSTON
QUAN,LZ_WEST
QUEEN_BA,LZ_WEST
QUEEN_SL,LZ_WEST
QNLAN,LZ_NORTH
QUINL_RC,LZ_NORTH
R1,LZ_SOUTH
QUINTANA,LZ_SOUTH
QV,LZ_HOUSTON
RAB,LZ_HOUSTON
RACHAL,LZ_SOUTH
RADIUM,LZ_WEST
RADN_SLR,LZ_NORTH
RAILPORT,LZ_NORTH
WTH_RAIL,LZ_NORTH
RAINEYCR,LZ_WEST
RAMBLER,LZ_WEST
RANDADO,LZ_SOUTH
RANDADOS,LZ_SOUTH
RDLML,LZ_NORTH
RAND_RC,LZ_NORTH
RANGERVL,LZ_SOUTH
RANGR,LZ_WEST
RNGLF,LZ_WEST
RANKIN4,LZ_WEST
RANKIN,LZ_WEST
RTHGB,LZ_WEST
RATLIFF,LZ_WEST
RAYBURN,LZ_SOUTH
RAYMND2,LZ_SOUTH
RAYMOND1,LZ_SOUTH
RA,LZ_HOUSTON
RCHBR,LZ_NORTH
RCHHL,LZ_NORTH
RCHSW,LZ_NORTH
RCKHOLW,LZ_WEST
RWALL,LZ_NORTH
RWALE,LZ_NORTH
RWALS,LZ_NORTH
RCKYROAD,LZ_WEST
RCSES,LZ_NORTH
REDBARN,LZ_WEST
RDOSC,LZ_WEST
RDRSE,LZ_SOUTH
READING,LZ_SOUTH
RSP,LZ_NORTH
DEWEY,LZ_WEST
REBECCA,LZ_WEST
RECCR,LZ_NORTH
RECTOR,LZ_NORTH
REDBLUF,LZ_SOUTH
REDBUD,LZ_NORTH
REDRIVER,LZ_NORTH
REDTAP,LZ_SOUTH
RED,LZ_HOUSTON
RDOAK,LZ_NORTH
RDPOI,LZ_NORTH
RFUGIOS,LZ_SOUTH
REFUGIO,LZ_SOUTH
REF,LZ_HOUSTON
RGLRW,LZ_NORTH
RELOJ,LZ_SOUTH
REN,LZ_NORTH
RENOS_RC,LZ_NORTH
RESACA,LZ_SOUTH
RET,LZ_NORTH
COYOTSPR,LZ_WEST
REVILLA,LZ_SOUTH
RXALL,LZ_WEST
REYST,LZ_NORTH
RE,LZ_HOUSTON
RGPSW,LZ_NORTH
RIO_GRAN,LZ_SOUTH
RGR,LZ_HOUSTON
RHLSW,LZ_NORTH
RHM,LZ_NORTH
RHOME,LZ_NORTH
RHPOD,LZ_WEST
RH,LZ_HOUSTON
RICRDOS,LZ_SOUTH
RICSW,LZ_WEST
RCHRD,LZ_NORTH
RCHLD,LZ_NORTH
REAST,LZ_NORTH
RWDHV,LZ_NORTH
RIDGE,LZ_NORTH
RIESW,LZ_NORTH
RIGGINS,LZ_WEST
RIG,LZ_HOUSTON
RINCON,LZ_SOUTH
RNGMG,LZ_WEST
RNGMT,LZ_WEST
RIOGCITY,LZ_SOUTH
RIO_BRAV,LZ_SOUTH
RIO_RICO,LZ_SOUTH
RISNGSTR,LZ_NORTH
RIST,LZ_WEST
RIDGMA,LZ_SOUTH
WRBND,LZ_WEST
RIVER,LZ_SOUTH
RVRSDS,LZ_SOUTH
RIVER_SD,LZ_SOUTH
RVIERAS,LZ_SOUTH
RIC,LZ_HOUSTON
RKDLE,LZ_SOUTH
RLN,LZ_HOUSTON
RLPOI,LZ_NORTH
RMNJUARZ,LZ_NORTH
RANCHERO,LZ_WEST
RNDER,LZ_NORTH
RRSTH,LZ_SOUTH
RNDRK,LZ_SOUTH
RNG,LZ_HOUSTON
RENSW,LZ_NORTH
ROUGHNTP,LZ_WEST
ROANOKE,LZ_NORTH
RPR,LZ_NORTH
ROARINGS,LZ_WEST
RBS,LZ_NORTH
RBNSN,LZ_NORTH
ROBL,LZ_WEST
RBNTK,LZ_WEST
ROBNW,LZ_NORTH
ROBSTOS,LZ_SOUTH
ROBSTOWN,LZ_SOUTH
ROBT,LZ_WEST
ROBY,LZ_WEST
ROCHSTER,LZ_WEST
RKDLN,LZ_SOUTH
ROCKETT,LZ_NORTH
ROCKHILL,LZ_NORTH
ROCKIS,LZ_SOUTH
ROCKPORT,LZ_SOUTH
ROCK_ATL,LZ_SOUTH
RODD_FLD,LZ_SOUTH
RGFTW,LZ_NORTH
ROGRS,LZ_NORTH
RGH,LZ_NORTH
ROLTR,LZ_NORTH
ROL,LZ_HOUSTON
ROMA,LZ_SOUTH
ROSEHILL,LZ_NORTH
RSNHT,LZ_NORTH
ROSEMARY,LZ_NORTH
ROSSN,LZ_NORTH
ROSTP,LZ_NORTH
ROSSVLS,LZ_SOUTH
ROTN,LZ_WEST
ROUNDTOP,LZ_WEST
ROUGHCAN,LZ_SOUTH
RMOTTS,LZ_SOUTH
ROWE,LZ_WEST
ROWLT,LZ_NORTH
ROW,LZ_HOUSTON
RYLTY,LZ_WEST
RYSSW,LZ_NORTH
RO,LZ_HOUSTON
RPUBRDS,LZ_NORTH
LPLRR,LZ_WEST
RRNES,LZ_SOUTH
RRPOD,LZ_WEST
RSNAKE,LZ_WEST
RSKMN,LZ_NORTH
RSPVY,LZ_NORTH
RS,LZ_HOUSTON
COCORG,LZ_WEST
DEVIRI,LZ_SOUTH
RTPOD,LZ_WEST
RTLSNAKE,LZ_WEST
RTW,LZ_HOUSTON
RT,LZ_HOUSTON
RULE,LZ_WEST
RUNGE,LZ_SOUTH
RUPOD,LZ_WEST
RVRFT,LZ_NORTH
RVRVLYS,LZ_SOUTH
RVR,LZ_HOUSTON
RZ,LZ_HOUSTON
TUTTLE,LZ_SOUTH
WND,LZ_NORTH
SOLARA,LZ_WEST
S5,LZ_SOUTH
SANTARIT,LZ_WEST
AVENUEN,LZ_WEST
SABINLS,LZ_SOUTH
SABINAL,LZ_SOUTH
SACH,LZ_WEST
COKESTRE,LZ_WEST
CONCHO,LZ_WEST
SACRC,LZ_WEST
SAEM,LZ_WEST
SAGC,LZ_WEST
SAGEDRAW,LZ_WEST
TAHOKA,LZ_WEST
SAGE,LZ_WEST
STP11,LZ_NORTH
SAINT_JO,LZ_NORTH
JACKSONS,LZ_WEST
SALDS,LZ_NORTH
SALEM11,LZ_NORTH
SALEM1,LZ_SOUTH
SCK,LZ_WEST
SALTY11,LZ_SOUTH
SALVTION,LZ_WEST
SAMSON_3,LZ_NORTH
SAMATHIS,LZ_WEST
SAMSON_1,LZ_NORTH
SAMSW,LZ_NORTH
SNAND,LZ_WEST
SANA,LZ_WEST
SND,LZ_NORTH
SANDIAS,LZ_SOUTH
SNDIEGS,LZ_SOUTH
SDSES,LZ_SOUTH
SANDY,LZ_NORTH
SANDROAD,LZ_WEST
SANMIGL,LZ_SOUTH
SANMGSW,LZ_SOUTH
SANORTH,LZ_WEST
SANSM,LZ_NORTH
SANTACRU,LZ_SOUTH
SANTAFE,LZ_NORTH
SANW,LZ_WEST
SAN,LZ_HOUSTON
SAN_DIEG,LZ_SOUTH
SANDCRAB,LZ_SOUTH
SAPOWER,LZ_WEST
REDCREEK,LZ_WEST
SARDIS,LZ_NORTH
SARGNTS,LZ_SOUTH
SARRD,LZ_NORTH
SOUTHLAN,LZ_WEST
SASOUTH,LZ_WEST
SAWA,LZ_WEST
HIGHLAND,LZ_WEST
SA,LZ_HOUSTON
S_BATES,LZ_SOUTH
SBEAN,LZ_WEST
STHBROCK,LZ_NORTH
SHERID,LZ_SOUTH
SNY_BESS,LZ_WEST
SB,LZ_HOUSTON
S_CALHS,LZ_SOUTH
SCARBIDE,LZ_SOUTH
SCATR,LZ_NORTH
SCURY_RC,LZ_NORTH
SCHAFF,LZ_WEST
SCHRD,LZ_NORTH
SCHKAD,LZ_WEST
SCHOTTKY,LZ_SOUTH
SCHPD,LZ_WEST
SCHRODS,LZ_SOUTH
SCHWRTNR,LZ_NORTH
S_CLMVS,LZ_SOUTH
SCLFP,LZ_NORTH
SCOSW,LZ_WEST
SCL,LZ_WEST
SCTLD,LZ_WEST
SANDW,LZ_NORTH
STHCROSS,LZ_WEST
SCR,LZ_HOUSTON
SCSFE,LZ_WEST
SCURRYSW,LZ_WEST
SCURY,LZ_WEST
SCRCV,LZ_WEST
SCW,LZ_HOUSTON
SCYEN,LZ_NORTH
SC,LZ_HOUSTON
SD5SES,LZ_SOUTH
SDIBUFFA,LZ_SOUTH
SDY,LZ_HOUSTON
SD,LZ_HOUSTON
LPLSE,LZ_WEST
SWYTG,LZ_NORTH
SEA,LZ_NORTH
SEAWALL,LZ_SOUTH
SECO,LZ_SOUTH
SLD,LZ_NORTH
SENATEWD,LZ_WEST
SEP,LZ_HOUSTON
SVPTS,LZ_NORTH
SEWAJU,LZ_SOUTH
SMR,LZ_WEST
SMOUR,LZ_WEST
SMBSN,LZ_WEST
SE_EDINB,LZ_SOUTH
SE,LZ_SOUTH
SALTFORK,LZ_WEST
SFIELD,LZ_NORTH
SALTFLAT,LZ_WEST
SGSUB,LZ_NORTH
SGOVL,LZ_NORTH
SGVSW,LZ_NORTH
SHADYGRV,LZ_NORTH
SHAFFER,LZ_SOUTH
SHAF,LZ_WEST
SHBSW,LZ_NORTH
SHANNON,LZ_WEST
SHARYLND,LZ_SOUTH
SHBA,LZ_WEST
SHDYG,LZ_NORTH
SHEFFIEL,LZ_WEST
SHELLLON,LZ_SOUTH
SHELTONS,LZ_WEST
SHERY_RC,LZ_NORTH
SHMNE,LZ_NORTH
SHLMT,LZ_NORTH
SHNRW,LZ_NORTH
SHSTH,LZ_NORTH
SHHA,LZ_WEST
SHILO,LZ_NORTH
S_HILLS,LZ_WEST
SHELLMES,LZ_WEST
SHMW_RC,LZ_NORTH
SHINOAK,LZ_WEST
SHPRD,LZ_WEST
SHELLPOW,LZ_WEST
SHPWK,LZ_WEST
SHROPSHI,LZ_SOUTH
SHRWD_RC,LZ_NORTH
SHRSW,LZ_NORTH
SHR,LZ_HOUSTON
SH,LZ_HOUSTON
SIE,LZ_HOUSTON
SIEVISTA,LZ_SOUTH
SIGMOR,LZ_SOUTH
SIKES,LZ_WEST
SILVER,LZ_WEST
SVC,LZ_NORTH
SILV,LZ_WEST
SIMMONS,LZ_SOUTH
SINCLAIR,LZ_NORTH
SINTON,LZ_SOUTH
SIOUX,LZ_SOUTH
SVB,LZ_NORTH
SIXTH_ST,LZ_SOUTH
SI,LZ_HOUSTON
SJS,LZ_HOUSTON
SKIDMORE,LZ_SOUTH
SKIPPER,LZ_NORTH
SKY1,LZ_SOUTH
SKYLINE,LZ_SOUTH
LPLSL,LZ_WEST
SLAUGHTE,LZ_SOUTH
SLKPD,LZ_WEST
SALTMINE,LZ_WEST
SLPOD,LZ_WEST
SLTCW,LZ_WEST
STLWRNCE,LZ_WEST
SYLVAN,LZ_NORTH
SMCRK,LZ_WEST
SMIDLAND,LZ_WEST
SMFLD,LZ_NORTH
SMITH,LZ_SOUTH
SMPST,LZ_NORTH
SMS,LZ_WEST
SNDOW,LZ_SOUTH
SNG,LZ_HOUSTON
SNTX1,LZ_WEST
SNYDR,LZ_WEST
SNYPT_RC,LZ_NORTH
SN,LZ_HOUSTON
SODASPRG,LZ_NORTH
SODVILS,LZ_SOUTH
OKCLS,LZ_NORTH
SOL,LZ_HOUSTON
SONO,LZ_WEST
SONTERRA,LZ_SOUTH
SORCY,LZ_NORTH
SOUTH_PL,LZ_SOUTH
SOTHBEND,LZ_WEST
J0,LZ_SOUTH
SOUTH_SI,LZ_SOUTH
SOE,LZ_HOUSTON
SO,LZ_HOUSTON
SPADERAN,LZ_WEST
SNBRG,LZ_WEST
SPENCE,LZ_WEST
SPVTP,LZ_NORTH
SPRTN,LZ_NORTH
SPR,LZ_NORTH
SPRINGTW,LZ_NORTH
SPV,LZ_NORTH
SPRINKLE,LZ_SOUTH
SPRNGCRK,LZ_NORTH
SPRDL,LZ_NORTH
ROCKSP,LZ_SOUTH
SPUD,LZ_WEST
SPUR,LZ_WEST
SPW,LZ_HOUSTON
SP,LZ_HOUSTON
SRB,LZ_HOUSTON
SRF,LZ_HOUSTON
SANROMAN,LZ_SOUTH
SR,LZ_HOUSTON
SSPNE,LZ_NORTH
SFTPE,LZ_NORTH
SFILT,LZ_NORTH
STHSD,LZ_NORTH
SPANOA,LZ_SOUTH
STEWART,LZ_SOUTH
STADIUM,LZ_SOUTH
STAFHI,LZ_SOUTH
STF,LZ_HOUSTON
STAGE,LZ_NORTH
STAM_SLR,LZ_NORTH
STAM,LZ_WEST
STAMFPMP,LZ_WEST
STARCK,LZ_SOUTH
STA,LZ_HOUSTON
STAUG,LZ_NORTH
F1,LZ_SOUTH
STCKTNBD,LZ_NORTH
STERLING,LZ_WEST
STEAM1A,LZ_NORTH
STECK,LZ_SOUTH
STV,LZ_NORTH
STERT,LZ_NORTH
STER,LZ_WEST
STEVENS,LZ_SOUTH
STW,LZ_HOUSTON
SHAMP,LZ_NORTH
SBEND,LZ_WEST
SJO,LZ_NORTH
STL,LZ_HOUSTON
STONBROK,LZ_NORTH
STNPT_RC,LZ_NORTH
STNVL,LZ_NORTH
STONEY_R,LZ_SOUTH
STPFACHL,LZ_SOUTH
STPSW,LZ_SOUTH
STR,LZ_HOUSTON
X3,LZ_SOUTH
STRLPMP,LZ_WEST
STRS,LZ_WEST
SPRRK,LZ_NORTH
STWF,LZ_WEST
ST,LZ_HOUSTON
ST_NINO,LZ_SOUTH
SLBLF,LZ_NORTH
SULPHRRC,LZ_NORTH
SSPNG,LZ_NORTH
SSPSW,LZ_NORTH
SUMMIT,LZ_SOUTH
SUMRFELD,LZ_NORTH
SUNCHSE,LZ_SOUTH
SUNNILAN,LZ_SOUTH
SUNVASLR,LZ_NORTH
SUNPD,LZ_WEST
STHRL,LZ_NORTH
SUT,LZ_NORTH
SUTTON,LZ_WEST
SWEETWN4,LZ_WEST
SWAN2,LZ_NORTH
SWEETWN2,LZ_WEST
SWEETWN3,LZ_WEST
SWEETWND,LZ_WEST
SWDTN,LZ_WEST
SWTWR,LZ_WEST
SWEN,LZ_WEST
SWESW,LZ_WEST
SWINDELL,LZ_NORTH
SWINY,LZ_NORTH
SWPRT,LZ_WEST
SWT_BESS,LZ_WEST
SW,LZ_HOUSTON
SLV,LZ_HOUSTON
S_BENITO,LZ_SOUTH
S_LCOGEN,LZ_HOUSTON
S_MCALLN,LZ_SOUTH
S_MISSIN,LZ_SOUTH
S_PADRE,LZ_SOUTH
S_SNROSA,LZ_SOUTH
S_YGNACI,LZ_SOUTH
CASTIL,LZ_WEST
ROBBSW,LZ_WEST
LINDEN,LZ_SOUTH
BDPOD,LZ_WEST
PDPOD,LZ_WEST
MAENRO,LZ_SOUTH
ARCO__,LZ_WEST
TAFT_S,LZ_SOUTH
TAFT,LZ_SOUTH
TLBRT,LZ_SOUTH
TALTP,LZ_NORTH
TALPAATL,LZ_WEST
TALTY_RC,LZ_NORTH
SPARTA,LZ_SOUTH
TANK,LZ_WEST
TAN,LZ_HOUSTON
TATSP,LZ_NORTH
TATTON,LZ_SOUTH
TAV,LZ_HOUSTON
TAWK_RC,LZ_NORTH
TAYLR,LZ_SOUTH
TLRWT,LZ_SOUTH
TLR,LZ_HOUSTON
TBAMO,LZ_WEST
TBCSW,LZ_WEST
TBWF_ESS,LZ_WEST
TB,LZ_HOUSTON
TCKER_RC,LZ_NORTH
TSVLP,LZ_NORTH
TSLVL,LZ_NORTH
TEASLEY,LZ_NORTH
TRIDGE,LZ_SOUTH
TEGMN,LZ_NORTH
TEJAS,LZ_HOUSTON
TLC,LZ_NORTH
WINGAR,LZ_SOUTH
TMPLE,LZ_NORTH
TMNTH,LZ_NORTH
TMSTH,LZ_NORTH
TMPTV,LZ_NORTH
TMPNW,LZ_NORTH
TMPSW,LZ_NORTH
TENARIS,LZ_SOUTH
TNSKA,LZ_NORTH
TNSCL,LZ_NORTH
TENYE,LZ_WEST
TERREL_D,LZ_NORTH
TRNTH,LZ_NORTH
TERSO,LZ_NORTH
MABTX,LZ_WEST
LKTXT,LZ_NORTH
TEXSTAR,LZ_SOUTH
TE,LZ_HOUSTON
TRNFLSRC,LZ_NORTH
TGCCS,LZ_NORTH
TGF,LZ_HOUSTON
TGW,LZ_SOUTH
LPLTH,LZ_WEST
TRINITY,LZ_WEST
THRDN,LZ_SOUTH
THRPSPRG,LZ_NORTH
THSES,LZ_NORTH
THREER69,LZ_SOUTH
THRM,LZ_WEST
THRNE,LZ_NORTH
THISTLE,LZ_NORTH
TID,LZ_HOUSTON
DALTI,LZ_NORTH
TDWGL,LZ_WEST
TIK,LZ_HOUSTON
TILDEN,LZ_SOUTH
TIMBRGRN,LZ_NORTH
TINPD,LZ_NORTH
TINSLEY,LZ_WEST
TINTOP,LZ_NORTH
TINTOPS,LZ_SOUTH
TITAN_SU,LZ_SOUTH
TI_SOLAR,LZ_WEST
TOOL_RC,LZ_NORTH
TML,LZ_HOUSTON
TMPCR,LZ_NORTH
TM,LZ_HOUSTON
AAPIPLNC,LZ_WEST
AAPIPLNM,LZ_WEST
TNAF,LZ_WEST
ALAMO_ST,LZ_WEST
AMOCOTN,LZ_HOUSTON
ARCOPL,LZ_HOUSTON
ARMDL02,LZ_WEST
ARROWHDC,LZ_WEST
ARROWHDP,LZ_WEST
ARROWHD,LZ_WEST
CNTAROYO,LZ_WEST
ATTWATER,LZ_HOUSTON
BAYVIEW,LZ_HOUSTON
BCATOKA,LZ_WEST
BCCANYON,LZ_WEST
BCCASTLE,LZ_WEST
BCGENWRW,LZ_WEST
BCLNCIUM,LZ_WEST
BCGENDIG,LZ_WEST
BCTRESTL,LZ_WEST
BELLS,LZ_NORTH
BRDPREYC,LZ_WEST
BRDSPRYT,LZ_WEST
BRDSPREY,LZ_WEST
BLNGSCCR,LZ_WEST
BLNGSLEA,LZ_WEST
BLNGSLET,LZ_WEST
TNBLOSSM,LZ_NORTH
BLUERDGE,LZ_NORTH
TNBNSPRC,LZ_WEST
TNBNSPRG,LZ_WEST
TNBNSPRT,LZ_WEST
TNBRDROC,LZ_WEST
TNBRDRAW,LZ_WEST
TNBRDROX,LZ_WEST
BUCKEYE,LZ_NORTH
CADDOTN,LZ_HOUSTON
CALAJANE,LZ_WEST
CALIF_TN,LZ_WEST
CATTAIL,LZ_HOUSTON
CAYMUSCP,LZ_WEST
CAYMUSPL,LZ_WEST
CAYMUS,LZ_WEST
TNCENTRY,LZ_WEST
CHEROKEE,LZ_HOUSTON
CHOCTAW,LZ_HOUSTON
CHOLLA,LZ_WEST
CLEMENS,LZ_HOUSTON
CLIFTON1,LZ_NORTH
CLIFTON2,LZ_NORTH
CLIMAX,LZ_NORTH
CLMCAVRN,LZ_HOUSTON
CNTYRDS,LZ_WEST
TNCOLICP,LZ_WEST
TNCOLIEC,LZ_WEST
TNCOLIEF,LZ_WEST
TNCOLIET,LZ_WEST
TNCOLIYD,LZ_WEST
COMAN_TN,LZ_HOUSTON
CORYELCO,LZ_NORTH
COTTNWD,LZ_WEST
COYANOSA,LZ_WEST
DELAWARC,LZ_WEST
GEMSDVNS,LZ_WEST
DOW_PUMP,LZ_HOUSTON
ELM_ST,LZ_WEST
EAGLECLP,LZ_WEST
EAGLECLW,LZ_WEST
EAGLECLT,LZ_WEST
FISHHOOK,LZ_WEST
FM524,LZ_HOUSTON
TNFXTAIL,LZ_WEST
FRDSWOOD,LZ_HOUSTON
FRMRSVLE,LZ_NORTH
FRONTIER,LZ_NORTH
FRWYPARK,LZ_HOUSTON
TNFS,LZ_WEST
GATESVL2,LZ_NORTH
GEMSBOK,LZ_WEST
GIRVIN,LZ_WEST
GLENR_TN,LZ_NORTH
GEMSCRYP,LZ_WEST
GEMSORXP,LZ_WEST
GRAHAM,LZ_WEST
GRANTAVE,LZ_HOUSTON
GRNBELT,LZ_HOUSTON
GRSHCMRX,LZ_WEST
GRISHAM,LZ_WEST
GENSISTF,LZ_HOUSTON
GENESIS,LZ_HOUSTON
HACKBERY,LZ_WEST
HAMLTNTN,LZ_NORTH
HAMLTNCO,LZ_NORTH
HANDLEY,LZ_NORTH
HARPOON,LZ_WEST
HASTINGS,LZ_HOUSTON
HDNLAKES,LZ_HOUSTON
HICOTN,LZ_NORTH
LWSVH,LZ_NORTH
HILL_CO,LZ_NORTH
HOLIDAY,LZ_WEST
IH20,LZ_WEST
INTRCITY,LZ_HOUSTON
GAF,LZ_HOUSTON
JNESBORO,LZ_NORTH
LWVJS,LZ_NORTH
KERMIT_1,LZ_WEST
KERMIT_2,LZ_WEST
KEYSTONE,LZ_WEST
KRUGRVLE,LZ_NORTH
LWVTI,LZ_NORTH
TNK,LZ_HOUSTON
LKPNT,LZ_NORTH
LAMARQUE,LZ_HOUSTON
LEONARD,LZ_NORTH
LEONCRK,LZ_WEST
LINDE,LZ_HOUSTON
LINVILLE,LZ_HOUSTON
LKWHITNY,LZ_NORTH
LONE_OAK,LZ_NORTH
LONGNECK,LZ_NORTH
LWSVS,LZ_NORTH
LWSVW,LZ_NORTH
MAINLAND,LZ_HOUSTON
MARTHNOL,LZ_HOUSTON
MARTHNPL,LZ_HOUSTON
MPLTANKF,LZ_HOUSTON
MERDNTAP,LZ_NORTH
MERID_TN,LZ_NORTH
MIVIDA,LZ_WEST
MONMNTDC,LZ_WEST
MONMNTDR,LZ_WEST
TNMP,LZ_WEST
TNNALVIN,LZ_HOUSTON
NOCONATN,LZ_NORTH
NORTHSDE,LZ_HOUSTON
OCOTILLO,LZ_WEST
OLDOCEAN,LZ_HOUSTON
OLSEN,LZ_NORTH
P66_2,LZ_HOUSTON
PCAKETNP,LZ_NORTH
PECOS,LZ_WEST
PETROLIA,LZ_WEST
TNPINION,LZ_WEST
TNPRXAIR,LZ_HOUSTON
PRXSWNY,LZ_HOUSTON
PUCKETT,LZ_WEST
QUITODRC,LZ_WEST
CALONPTR,LZ_WEST
RED_RIVR,LZ_NORTH
REWARDC,LZ_WEST
REWARD,LZ_WEST
REWARDT,LZ_WEST
RINGGOLD,LZ_WEST
ROYBEAN,LZ_WEST
SALTDRWC,LZ_WEST
SALTDRAW,LZ_WEST
SANDLAKE,LZ_WEST
SCIMITAR,LZ_WEST
SCIMCRZC,LZ_WEST
SCIMORXC,LZ_WEST
TNSHELTP,LZ_HOUSTON
SANDLKEC,LZ_WEST
SOAPTREE,LZ_WEST
SOUSHORE,LZ_HOUSTON
STAGHORN,LZ_WEST
SYCAMORE,LZ_NORTH
TALCOWST,LZ_NORTH
TARBUSH,LZ_WEST
TNTEPPCO,LZ_HOUSTON
TERMINAL,LZ_HOUSTON
THURBER,LZ_WEST
TNTOLAR,LZ_NORTH
TPECOS,LZ_WEST
TRENTON,LZ_NORTH
TXCITYMN,LZ_HOUSTON
TXCITYWT,LZ_HOUSTON
UTAHC,LZ_WEST
UTAH,LZ_WEST
VLLYMILS,LZ_NORTH
WALNTSPR,LZ_NORTH
WCOLLOCL,LZ_HOUSTON
WCOLMAIN,LZ_HOUSTON
WHITEWRT,LZ_NORTH
WHITNEY,LZ_NORTH
WICKETT,LZ_WEST
WINK,LZ_WEST
TNWLFBNT,LZ_WEST
WNKLRCO6,LZ_WEST
TNWOLFBN,LZ_WEST
WSTMNSTR,LZ_NORTH
WSTMNSTT,LZ_NORTH
TOKSW,LZ_NORTH
TOMATO,LZ_WEST
TOMSW,LZ_WEST
TOPAZ,LZ_HOUSTON
TTXPL,LZ_NORTH
TTPTP,LZ_NORTH
TOWER,LZ_NORTH
TOYAH,LZ_WEST
T3,LZ_SOUTH
TO,LZ_HOUSTON
TPCO,LZ_SOUTH
TPECOSPL,LZ_WEST
TPECOSTP,LZ_WEST
TPECOSW,LZ_WEST
SMETANA,LZ_NORTH
TRIRA,LZ_NORTH
TRADEZON,LZ_SOUTH
TRADPOST,LZ_SOUTH
TRLWD,LZ_NORTH
TRV,LZ_HOUSTON
TRCNR,LZ_NORTH
TRESPAL,LZ_SOUTH
TGSTP,LZ_NORTH
TRIMMIER,LZ_NORTH
SCPOI,LZ_WEST
TRNT,LZ_WEST
TROUP,LZ_NORTH
TROYS,LZ_NORTH
TRPMN,LZ_NORTH
TURQBESS,LZ_NORTH
TRREA,LZ_NORTH
TWG,LZ_HOUSTON
TRUENO,LZ_SOUTH
TRU,LZ_NORTH
TRUSGILL,LZ_WEST
TRUSCOTT,LZ_WEST
TSLVILLE,LZ_NORTH
TS,LZ_HOUSTON
BLEWET,LZ_SOUTH
TKR,LZ_HOUSTON
TURKEYLH,LZ_WEST
TURKEY,LZ_WEST
TURL,LZ_WEST
TURTLCRK,LZ_SOUTH
TUSCOLA,LZ_WEST
TV,LZ_HOUSTON
TWILIGHT,LZ_WEST
TWNPINS,LZ_SOUTH
TWSTR,LZ_NORTH
TWM,LZ_HOUSTON
TXHA,LZ_WEST
TXHRV,LZ_WEST
TXHS,LZ_WEST
V3,LZ_SOUTH
TX,LZ_HOUSTON
TYGND,LZ_NORTH
TYEST,LZ_NORTH
TYLGE,LZ_NORTH
TYLNE,LZ_NORTH
TYLNW,LZ_NORTH
TYPIP,LZ_NORTH
TYSTH,LZ_NORTH
TYWST,LZ_NORTH
TYLER,LZ_NORTH
TYBLR,LZ_NORTH
TYOMN,LZ_NORTH
TYNAN,LZ_SOUTH
TYPOD,LZ_WEST
TYRSW,LZ_NORTH
U5,LZ_SOUTH
UL,LZ_HOUSTON
UNITEC,LZ_SOUTH
UNIVERSI,LZ_SOUTH
DHUNO,LZ_WEST
PBLUN,LZ_WEST
UN,LZ_HOUSTON
UPTON,LZ_WEST
C2,LZ_SOUTH
H0,LZ_SOUTH
USGYP,LZ_WEST
BALCNRS,LZ_SOUTH
UTSWM,LZ_NORTH
UVSS_RC,LZ_NORTH
UVLDES,LZ_SOUTH
UVALDE,LZ_SOUTH
UV,LZ_HOUSTON
UW,LZ_HOUSTON
UNION_CA,LZ_SOUTH
VALADEZ,LZ_SOUTH
VALENTIN,LZ_WEST
VALE,LZ_WEST
VALYVIEW,LZ_NORTH
Q1,LZ_SOUTH
VLYBRNCH,LZ_NORTH
VALVW,LZ_NORTH
VANBLTSS,LZ_SOUTH
VANCOURT,LZ_SOUTH
VANBLT69,LZ_SOUTH
VANDRBLT,LZ_SOUTH
VANHUM,LZ_SOUTH
VANSB,LZ_NORTH
VNVLKS,LZ_SOUTH
VANAL,LZ_NORTH
VAEGC,LZ_NORTH
VCAVAZOS,LZ_SOUTH
VCR,LZ_HOUSTON
VEGA,LZ_SOUTH
VERAWIND,LZ_WEST
VERH,LZ_WEST
VERN,LZ_WEST
VERS,LZ_WEST
VERTREES,LZ_SOUTH
VESTS,LZ_WEST
VET,LZ_HOUSTON
RUPLETP,LZ_SOUTH
VGCRK,LZ_NORTH
VINSW,LZ_NORTH
VISION,LZ_NORTH
LPLVK,LZ_WEST
B2,LZ_SOUTH
VALYCRK,LZ_WEST
VL,LZ_HOUSTON
VENADO,LZ_SOUTH
VINSONRC,LZ_NORTH
WALKER,LZ_WEST
VOGELSTR,LZ_WEST
VORTEX,LZ_WEST
VERIBEST,LZ_WEST
VRCP,LZ_WEST
VULCAN,LZ_NORTH
V_DUPSW,LZ_SOUTH
WAS,LZ_HOUSTON
WATCO,LZ_NORTH
BLMED,LZ_NORTH
WCOLO,LZ_NORTH
WKATY,LZ_NORTH
WLASL,LZ_NORTH
NCRST,LZ_NORTH
WSANG,LZ_NORTH
WWDWY,LZ_NORTH
WEAST,LZ_NORTH
WMMM2,LZ_NORTH
WNRTH,LZ_NORTH
WNTHW,LZ_NORTH
WSOTH,LZ_NORTH
WWEST,LZ_NORTH
WADSWORT,LZ_SOUTH
WGROB,LZ_NORTH
WLGRV,LZ_NORTH
WAGGONER,LZ_WEST
WAKEWE,LZ_WEST
WALST,LZ_NORTH
WALNT,LZ_NORTH
WALNUT1,LZ_NORTH
WALNBEND,LZ_NORTH
WALNUT,LZ_SOUTH
WNTSP,LZ_NORTH
O3,LZ_SOUTH
WPL,LZ_NORTH
WARBURTN,LZ_SOUTH
HSACH,LZ_WEST
WARING,LZ_NORTH
WARREN,LZ_SOUTH
WASH_ST,LZ_SOUTH
WTAUG,LZ_NORTH
WATERPRT,LZ_SOUTH
WTRML,LZ_NORTH
WATSN,LZ_NORTH
WATTS,LZ_WEST
WAT,LZ_HOUSTON
WXHCH,LZ_NORTH
WXHNW,LZ_NORTH
WXNTH,LZ_NORTH
WXOCF,LZ_NORTH
WXPM1,LZ_NORTH
WXPM2,LZ_NORTH
WAYLAND,LZ_NORTH
WA,LZ_HOUSTON
WBY,LZ_HOUSTON
WFALS,LZ_WEST
WCONOCOL,LZ_SOUTH
WCPP,LZ_NORTH
WTCCS,LZ_NORTH
WCRYSTS,LZ_SOUTH
WCSWS,LZ_NORTH
DALLW,LZ_NORTH
WDGWD,LZ_NORTH
WDGSW,LZ_NORTH
WOODROW,LZ_NORTH
WD,LZ_HOUSTON
WEAVERRD,LZ_SOUTH
WEBBS,LZ_NORTH
WEIL_TRC,LZ_SOUTH
WEIN,LZ_WEST
WELRD,LZ_NORTH
WELCH,LZ_WEST
WELINGTN,LZ_NORTH
WESLACO,LZ_SOUTH
WESLAU,LZ_SOUTH
WESMER,LZ_SOUTH
WESTOVER,LZ_WEST
WESTSIDE,LZ_SOUTH
WESTS,LZ_NORTH
WESTYA,LZ_WEST
WEST_OSO,LZ_SOUTH
WES,LZ_HOUSTON
WE,LZ_HOUSTON
WFNTH,LZ_WEST
WFSSW,LZ_WEST
WFBSN,LZ_WEST
WFCOG,LZ_WEST
WFSHP,LZ_WEST
WFTANK,LZ_SOUTH
WGWSTS,LZ_SOUTH
WALNGR,LZ_NORTH
WHELESS,LZ_SOUTH
WSTHL,LZ_NORTH
WHITE,LZ_NORTH
WO,LZ_HOUSTON
WHITT,LZ_NORTH
W_HARLIN,LZ_SOUTH
WHPOD,LZ_WEST
WBOSE,LZ_NORTH
WHTMD_RC,LZ_NORTH
WHTRK,LZ_NORTH
WHITSBOR,LZ_NORTH
WHTS_RC,LZ_NORTH
WHTTAIL,LZ_NORTH
WH_WIND,LZ_WEST
WICKT,LZ_WEST
WIELD_RC,LZ_NORTH
WILDCAT,LZ_NORTH
WILDWIND,LZ_NORTH
WILLIAMS,LZ_SOUTH
WILLOW,LZ_NORTH
WILLO,LZ_WEST
WLSPT,LZ_NORTH
WILMR,LZ_NORTH
WLWSP,LZ_NORTH
WINDHMRD,LZ_NORTH
WINDM_RC,LZ_NORTH
WINDSOR,LZ_NORTH
WINDSRSW,LZ_NORTH
WNDWD,LZ_WEST
WKBSN,LZ_WEST
WINKLER,LZ_NORTH
WINT,LZ_WEST
WIN,LZ_HOUSTON
WI,LZ_HOUSTON
WKN_BKR,LZ_WEST
WKR,LZ_HOUSTON
WALSW_RC,LZ_NORTH
WLVEE,LZ_NORTH
WOFHO,LZ_NORTH
WLF,LZ_SOUTH
WLF_C_RC,LZ_NORTH
WSLAMESA,LZ_WEST
WL_RANCH,LZ_WEST
WLTN_RC,LZ_NORTH
WLY,LZ_HOUSTON
WL,LZ_HOUSTON
WMFMS_RC,LZ_NORTH
WML,LZ_HOUSTON
WMRLD,LZ_NORTH
WMRNR,LZ_NORTH
WMUNS_RC,LZ_NORTH
WNDCR,LZ_WEST
WNDTHST2,LZ_WEST
WNTWK,LZ_NORTH
WFCMP,LZ_WEST
WCITY,LZ_NORTH
WOLFRIDG,LZ_NORTH
WOODBINE,LZ_NORTH
WOODIE,LZ_NORTH
WOODSBOR,LZ_SOUTH
WOOD,LZ_WEST
WOOLRIDG,LZ_SOUTH
WTGLF,LZ_NORTH
WORMSER,LZ_SOUTH
WOR,LZ_HOUSTON
WOV_BESS,LZ_WEST
WRIGHT,LZ_NORTH
ROANW,LZ_NORTH
WRTHM,LZ_NORTH
WR,LZ_SOUTH
WSHACK,LZ_WEST
WSMSW,LZ_NORTH
WESTBEND,LZ_NORTH
WBROK,LZ_WEST
WSTBROOK,LZ_NORTH
WSTLOOP,LZ_NORTH
W_UVALS,LZ_SOUTH
WALTSSRC,LZ_NORTH
WTHRE,LZ_NORTH
WTHRW,LZ_NORTH
WTHRF,LZ_NORTH
WTHFDLK8,LZ_NORTH
WTHSW,LZ_NORTH
WT,LZ_HOUSTON
WV,LZ_HOUSTON
WW,LZ_HOUSTON
WYLE,LZ_WEST
WYLIE_RC,LZ_NORTH
WYLDWO,LZ_SOUTH
WZ,LZ_HOUSTON
W_BATESV,LZ_SOUTH
W_CW_345,LZ_WEST
W_FD_345,LZ_WEST
W_GT_345,LZ_WEST
W_MCALLN,LZ_SOUTH
SUNNY,LZ_NORTH
X443ESS1,LZ_SOUTH
INGLE,LZ_NORTH
IRVRS,LZ_NORTH
TCOSW,LZ_NORTH
ECTHP,LZ_WEST
BKPOD,LZ_WEST
DELTA,LZ_NORTH
NBPOD,LZ_WEST
HYPOD,LZ_WEST
PAULN,LZ_NORTH
XTPOI,LZ_WEST
HINDES,LZ_SOUTH
Y5,LZ_SOUTH
YARBR,LZ_WEST
YATES,LZ_NORTH
LPLYH,LZ_WEST
YNG_WND,LZ_NORTH
YORKCR,LZ_SOUTH
YORKTO,LZ_SOUTH
YOSEMITE,LZ_WEST
YOUNG,LZ_SOUTH
YUCCA,LZ_WEST
Z1,LZ_SOUTH
Z5,LZ_SOUTH
ZACATE,LZ_SOUTH
ZAPATA,LZ_SOUTH
ZEPHYR,LZ_NORTH
ZIONHILL,LZ_NORTH
