RESOURCE_NODE,UNIT_SUBSTATION
AEEC,AEEC
AGUAYO_UNIT1,AGUAYO
AJAXWIND_RN,AJAXWIND
ALGOD_ALL_RN,ALGODON
ALVIN_RN,ALVIN
AMADEUS_ALL,AMADEUS1
AMADEUS_ALL,AMADEUS2
AMISTAD_ALL,AMISTAD
AMO_AMOCO_1,AMOCOOIL
AMO_AMOCO_2,AMOCOOIL
AMO_AMOCO_5,AMOCOOIL
AMO_AMOCO_G1,AMOCOOIL
AMO_AMOCO_G2,AMOCOOIL
AMO_AMOCO_G3,AMOCOOIL
AMO_AMOCO_S1,AMOCOOIL
AMO_AMOCO_S2,AMOCOOIL
ANACACHO_ANA,ANACACHO
ANCHOR_ALL,ANCHOR
ANDMDSLR_ALL,ANDMDSLR
ANSON1_ALL,ANSON1
APPALOSA_ALL,APPALOSA
AQUI_ALL,AQUILLA
ARAGORN_RN,ARAGORN
ASTRA_RN,ASTRA
ATK_ATKINSG7,ATKINS
AUSTPL_ALL,AUSTPL
AVIAT_ALL,AVIATOR
AVIAT_ALL,DEWOLF
AZURE_RN,AZURE
AZ_ALL,AZ
BAC_RN_ALL,BAC
BAFFIN_ALL,BAFFIN
BAIRDWND_ALL,BAIRDWND
BARROW_ALL,BARROW
BASTEN_CCU,BASTEN
BATCAVE_RN,BATCAVE
BAYC_BESS_RN,BAY_CITY
BBREEZE_1_2,BBREEZE
BCATWD_WD_1,BCATWIND
BCH_RN,BCH
BCK_RN,BCK
BIGSTAR_ALL,BIG_STAR
BLACKJAK_RN,BLACKJAK
BLSMT1_5_A_6,BLSUMIT3
BLSMT1_5_A_6,BLSUMMIT
BLUEJAY_RN,BLUEJAY
BOARDCRK_ALL,BOARDCRK
BOOTLEG_UN1,BOOTLEG
BORDAS_345,BORDAS
BORDAS_345,BORDAS2
BOSQ_BSQSU_5,BOSQUESW
BOSQ_BSQS_12,BOSQUESW
BOSQ_BSQS_34,BOSQUESW
BRANDON_RN,BRANDON
BRAUNIG_VHB1,BRAUNIG
BRAUNIG_VHB2,BRAUNIG
BRAUNIG_VHB3,BRAUNIG
BRAZ_WND_ALL,BRAZ_WND
BRA_AVR1_CT2,BRAUNIG
BRA_AVR_CST1,BRAUNIG
BRHEIGHT_RN,HEIGHTTN
BRIGHTSD_U1,BRIGHTSD
BRISCOE_WIND,BRISCOE
BRPANGLE_RN,ANGLETON
BRPMAGNO_RN,MAGNO_TN
BRP_BRAZ_RN,BRAZORIA
BRP_DIKN_RN,DICKNSON
BRP_LOOP_RN,L_463S
BRP_LOP1_RN,BRP_LOP1
BRP_PBL1_RN,BRP_PBL1
BRP_PBL2_RN,BRP_PBL2
BRP_RN_UNIT1,K0
BRP_SWNY_RN,SWEENY
BRP_ZPT1_RN,BRP_ZPT1
BRP_ZPT2_RN,BRP_ZPT2
BRTSW_BCW1,BRTSW
BR_ARROW_ALL,BR_ARROW
BR_VHB6CT5_6,BRAUNIG
BR_VHB6CT7_8,BRAUNIG
BSS_U1,WCOLLOCL
BTE_BTE_G1,BTE
BTE_BTE_G2,BTE
BTE_BTE_G3,BTE
BTE_BTE_G4,BTE
BTM_ALL,BTM
BUCHAN_ALL,BUCHAN
BUCKTHRN_RN,BUCKTHRN
BUFF_GAP_ALL,BUFF_GAP
BULLCRK_1_2,BULLCRK
BVE_UNIT1,BVE
BVE_UNIT2,BVE
BVE_UNIT3,BVE
BYRDR_ES_ALL,BYRDR_ES
BYU_BYU_12,BYU
BYU_BYU_34,BYU
B_DAVIS_3,B_DAVIS
B_DAVIS_4,B_DAVIS
B_D_B_DAVIG1,B_DAVIS
B_D_B_DAVIG2,B_DAVIS
CABEZON_ALL,CABEZON
CALAVER_JKS1,CALAVERS
CALAVER_JKS2,CALAVERS
CALAVER_JTD1,CALAVERS
CALAVER_JTD2,CALAVERS
CALAVER_OWS1,CALAVERS
CALAVER_OWS2,CALAVERS
CALHOUN_ALL,CALHOUN
CALLAHA_WND1,CALLAHAN
CAL_CALGT1,CAL
CAL_CALSTG1,CAL
CAMWIND_RN,CAMWIND
CAPRIDG4_CR4,CAPRIDG4
CAPRIDGE_ALL,CAPRIDGE
CARBN_BSP_1,CARBN
CASL_GAP_UN1,CASL_GAP
CATARINA_B1,CATARINA
CBECII_89,CBECII
CBECII_CT7,CBECII
CBEC_ALL,CBEC
CBY4_ALL,CBY4
CBY_CBY_G1,CBY
CBY_CBY_G2,CBY
CCEC_GT1,CCEC
CCEC_GT2,CCEC
CCEC_ST1,CCEC
CEDROHI_CHW1,CEDROHIL
CEDRVALE_RN,CEDRVALE
CFLATS_UNIT,CFLATS
CHALUP_ALL,CHALUPA
CHAMON_UN1,CHAMON
CHAMON_UN2,CHAMON
CHEDPW_GT2,CHE
CHE_LYD,CHE
CHE_LYD2,CHE
CHISMGRD_RN,CHISMGRD
CITYVICT_ALL,CITYVICT
CN_BRKS_UNT1,CN_BRKS
COL_COLETOG1,COLETO
CONIGLIO_RN,CONIGLIO
CORALSLR_ALL,CORALSLR
CORAZON_RN,CORAZON
COTPLNS_RN,COTPLNS
COTTON_PAP2,COTTON
COYOTSPR_RN,COYOTSPR
CPSES_UNIT1,CPSES
CPSES_UNIT2,CPSES
CRANELL_ALL,CRANELL
CROSSETT_ALL,CROSSETT
CRWN_SLR_UN1,CRWN_SLR
CSC_CSECG1_2,CSEC
CVC_CVCG1_5,CVC
CVC_CVC_G2,CVC
CVC_CVC_G3,CVC
DAG_ALL,DAG
DANSBY_ALL,DANSBY
DAN_ALL,DAN
DC2SES_ALL,DCSES
DDPEC_GT1,DDPEC
DDPEC_GT2,DDPEC
DDPEC_GT3,DDPEC
DDPEC_GT4,DDPEC
DDPEC_GT6,DDPEC
DDPEC_ST1,DDPEC
DECKER_DPG2,DECKER
DECKER_GT,DECKER
DENISON_G1_2,DNDAM
DERMOTT_ALL,COYOTE_W
DERMOTT_ALL,DERMOTT
DIBOL_RN,DIBOL
DIB_DIB_G1,DIB
DIB_DIB_G2,DIB
DIB_DIB_G3,DIB
DIB_DIB_G4,DIB
DILEOS_UNIT1,DILEOSLR
DOW_61_2_63,DOWGEN
DOW_64,DOWGEN
DOW_81_2_84,DOWGEN
DOW_G37_G35,DOWGEN
DOW_G66_ST65,DOWGEN
DOW_G67,DOWGEN
DOW_G96_ST95,DOWGEN
DUKE_GST1CCU,DUKE
DUKE_GT2_CCU,DUKE
EBELLS_UNIT1,EBELLSLR
ECLIPSE_UN1,ECLIPSE
EIFSLR_UNIT1,EIFSLR
ELB_ELBCREEK,ELB
ELECTRAW_1_2,DIGBY
ELECTRAW_1_2,LOCKETT
ELSAUZ_ALL,ELSAUZ
ELSA_ESR_RN,ELSA
ELS_RN_1,ELLISSLR
EL_RAYO_ALL,EL_RAYO
ENDPARK_ESS1,ENDPARKS
ERSL_RN,ELARA_SL
ESTONIAN_ALL,ESTONIAN
ETCCS_CCU,ETCCS
EUNICE_ALL,EUNICE
EXGNSND_RN,EXGNSND
EXGNWTL_1,EXGNWTL
EXN_14,EXN
EXN_1_3,EXN
EXN_4,EXN
EXN_8,EXN
EXN_9_13,EXN
E_BLACK_RN,E_BLACK
FAL_FALCONG1,FALCON
FAL_FALCONG2,FALCON
FAL_FALCONG3,FALCON
FAULKNER_RN,FAULKNER
FEGC_RN,FEGC
FENCESLR_ALL,FENCESLR
FERGCC_GT1_1,FERGCC
FERGCC_GT2_3,FERGCC
FERGCC_ST1_5,FERGCC
FERMI_ALL,FERMI
FILESSLR_PV1,FILESSLR
FLCNS_UNIT1,FLCNS
FLCNS_UNIT2,FLCNS
FLCNS_UNIT3,FLCNS
FLOWERII_RN,FLOWERII
FLTBES1,FLAT_TOP
FLTCK_SSI,FLTCK
FLUVANNA_1_2,FLUVANNA
FLUVANNA_1_2,GOPHER
FLVABES1_ESR,FLVABES1
FOARDCTY_ALL,FOARDCTY
FOXTROT_ALL,FOXTROT
FO_FORMOSA11,FORMOSA
FO_FORMOSA12,FORMOSA
FO_FORMOSG1,FORMOSA
FO_FORMOSG10,FORMOSA
FO_FORMOSG13,FORMOSA
FO_FORMOSG14,FORMOSA
FO_FORMOSG15,FORMOSA
FO_FORMOSG2,FORMOSA
FO_FORMOSG3,FORMOSA
FO_FORMOSG4,FORMOSA
FO_FORMOSG5,FORMOSA
FO_FORMOSG6,FORMOSA
FO_FORMOSG7,FORMOSA
FO_FORMOSG8,FORMOSA
FO_FORMOSG9,FORMOSA
FPPYD_FPP_G1,FPPYD1
FPPYD_FPP_G2,FPPYD1
FPPYD_FPP_G3,FPPYD2
FREC_1_CCU,FREC
FREC_2_CCU,FREC
FRNYPP_1_CCU,FRNYPP
FRNYPP_2_CCU,FRNYPP
FRONT_EC_RN1,FRONT_EC
FRONT_EC_RN2,FRONT_EC
FRONT_EC_RN3,FRONT_EC
FTR_FTR_G1_4,FTR
FTWIND_UNIT1,FTWIND
FWLR_SLR_1,FWLR_SLR
GALO_RN1,GALLOWAY
GAMBIT_RN,GAMBIT
GARC_BESS_RN,GARCENO
GBY_GT,GBY
GID_GIDEONG1,GIDEON
GID_GIDEONG2,GIDEON
GID_GIDEONG3,GIDEON
GOA_GOATWIND,GOAT
GOLINDA_UN1,GOLINDA
GOMZ_RN,GOMZ
GPASTURE_ALL,GPASTURE
GRANDVW1_A_B,GRANDVW1
GRDNE_ESR_RN,GRDNE
GREASWOD_ALL,GREASWOD
GRIF_TRL_RN,GRIF_TRL
GRSES_UNIT1,GRSES
GRSES_UNIT2,GRSES
GUADG_CCU1,GUADG
GUADG_CCU2,GUADG
GUNMTN_NODE,GUNMTN
GWEC_G1,GWEC
HAMI_BESS_RN,HAMILTON
HAYSEN1_2,HAYSEN
HAYSEN3_4,HAYSEN
HELIOS_RN,HELIOS
HHGT_KENDAL,HHGT
HHOLLW2_WND1,HHOLLOW2
HHOLLW3_WND1,HHOLLOW3
HHOLLW4_WND1,HHOLLOW4
HICK_G1_G2,HICKMAN
HICK_G1_G2,OVEJA
HI_LONEB_RN1,HI_LONEB
HI_LONE_ALL,HI_LONE
HLSES_UNIT3,HLSES
HLSES_UNIT4,HLSES
HLSES_UNIT5,HLSES
HOLCOMB_RN1,HOLCOMB
HOLSTEIN_ALL,HOLSTEIN
HORSCR_RN,EGROVESL
HORSECRK_RN,HORSECRK
HOUSEMTN_RN,HOUSEMTN
HOVEY_GEN,HOVEY
HRBESS_BESS,HRBESS
HRFDWIND_ALL,HRFDWIND
HRZN_SLR_UN1,HRZN_SLR
HWF_HWFG1,HWF
H_HOLLO_WND1,H_HOLLOW
IMP_RN1,IMPACT
INDNENR_1_RN,DSKYWND1
INDNENR_2_RN,DSKYWND2
INDNNWP_RN,INDNNWP
IND_INADALE1,INDL
INGLCOSW_STG,INGLCOSW
INGLCOS_CTG1,INGLCOSW
INGLCOS_CTG2,INGLCOSW
INKS_INKS_G1,INKSDA
INRT_W_ALL,INRT_W
JACKCNTY_CT1,JACKCNTY
JACKCNTY_CT2,JACKCNTY
JACKCNTY_STG,JACKCNTY
JADE_SLR_ALL,JADE_SLR
JAY_RN_1,JAY
JCKCNTY2_CT3,JCKCNTY2
JCKCNTY2_CT4,JCKCNTY2
JCKCNTY2_ST2,JCKCNTY2
JC_BAT_RN,JC_BAT
JUNCTION_RN,JUNCTION
JUNO_ALL,JUNO
KARAKAW1_1,KARAKAW1
KARAKAW2_1,KARAKAW2
KEECHI_U1,KEECHI
KELAMSL_U1,KELAM_SL
KEO_KEO_SM1,KEO
KINGE_ALL,KING_NE
KINGE_ALL,KING_SE
KINGW_ALL,KING_NW
KINGW_ALL,KING_SW
LACY_CRK_ALL,LACY_CRK
LAMESASLR_G,LMESASLR
LAPETUS_U1,LAPETUS
LARDVFTN_G4,LARDVFTN
LARDVFTN_G5,LARDVFTN
LASSO_GEN,LASSO
LEG_LEG_G1,LEG
LEG_LEG_G2,LEG
LEONLCPCT1_2,LEON_CRK
LEONLCPCT3_4,LEON_CRK
LGDRAW_S_ALL,LGDRAW_S
LGD_LANGFORD,LGD
LGE_LGE_GT1,LGE
LGE_LGE_GT2,LGE
LGE_LGE_STG,LGE
LGW_UNIT_ALL,LGW
LHM_CVC_G4,LHM
LHORN_N_U1_2,LHORN_N
LHSES_UNIT1,LHSES
LHSES_UNIT2,LHSES
LIG_RN,LIG
LILY_RN,LILY
LMAJADAS_ALL,LMAJADAS
LNCRK_ALL,LNCRK
LNCRK_ALL,LNCRK2
LONESTAR_RN,LONESTAR
LONEWOLF_ALL,LONEWOLF
LON_RN1,LON
LOS_LOSTPGT1,LOSTPI
LOS_LOSTPGT2,LOSTPI
LOS_LOSTPST1,LOSTPI
LPCCS_CT11,LPCCS
LPCCS_CT12,LPCCS
LPCCS_CT21,LPCCS
LPCCS_CT22,LPCCS
LPCCS_UNIT1,LPCCS
LPCCS_UNIT2,LPCCS
LV1A_LV1B,LV1
LV1A_LV1B,LV2
LV3_UNIT1,LV3
LV4_UNIT_1,LV4
LV5_UNIT1,LV5
L_FRE_ESR_RN,L_FRESNO
MADERO_RN,MADERO
MARBFA,MARBFA
MARIAH_ALL,MARIAH
MAR_MARSFOG1,MARSFO
MAR_MARSFOG2,MARSFO
MAR_MARSFOG3,MARSFO
MASSENGL_G6,MASSENGL
MASSENGL_G7,MASSENGL
MASSENGL_G8,MASSENGL
MAVCRK_W_ALL,MAVCRK_E
MAVCRK_W_ALL,MAVCRK_W
MCDLD_FCSBW1,MCDLD
MCLNSLR_RN,MCLNSLR
MCSES_UNIT6,MCSES
MCSES_UNIT7,MCSES
MCSES_UNIT8,MCSES
MDANP_CT1_2,MDANP
MDANP_CT3_4,MDANP
MDANP_CT5_6,MDANP
MERCURY_ALL,MERCURY
MESQCRK_ALL,MESQCRK
MESTENO_RN,MESTENO
MGSES_CT123,MGSES
MGSES_CT456,MGSES
MIAM1_G1_G2,MIAM1
MIL_MILG1_2,MIL
MIL_MILG345,MIL
MIRAGE_G1,MIRAGE
MIRASOLE_GEN,MIRASOLE
MISAE_GEN_RN,MISAE
MLSES_UNIT1,MLSES
MLSES_UNIT2,MLSES
MLSES_UNIT3,MLSES
MNWL_BESS_RN,MNWLE
MOZART_WIND1,MOZART
MUSTNGCK_ALL,MUSTNGCK
MV_VALV4_RN,MV_VALV4
MWEC_G1,MWEC
MYRY_ESR_RN,MAYBERRY
MYR_ALL,MYR
NACPW_UNIT1,NACPW
NBOHR_RN,HARALD
NBOHR_RN,NBOHR
NCARBIDEG8,NCARBIDE
NCARBIDE_1_7,NCARBIDE
NCO_RN,NCO
NEBULA_RN,NEBULA
NED_NEDIN_G1,NEDIN
NED_NEDIN_G2,NEDIN
NED_NEDIN_G3,NEDIN
NF_BRP_RN,NF_BRP
NOBLESLR_ALL,NOBLESLR
NOVA1SLR_ALL,NOVA1SLR
NOVA2S_UNIT1,NOVA2SLR
NUE_NUECESG7,NUECES_B
NUE_NUECESG8,NUECES_B
NUE_NUECESG9,NUECES_B
NWF_NWF1,NWF
N_AL_BESS_RN,N_ALAMO
N_MRD_ESR_RN,N_MERCED
OBERON_U1,OBERON
ODESW_RN,ODESW
OECCS_1,OECCS
OECCS_2,OECCS
OGSES_1,OGSES
OGSES_2,OGSES
OLIN_OLING_1,OLINGR
OLIN_OLING_2,OLINGR
OLIN_OLING_3,OLINGR
OLIN_OLING_4,OLINGR
OLNEYTN_RN,OLNEYTN
OWF_OWF,OWF
OXY_OXY_CCG1,OXY_CC
PALMWI_UNIT1,PALMWIND
PANDA_S_CT1,PANDA_S
PANDA_S_CT2,PANDA_S
PANDA_S_ST1,PANDA_S
PANDA_T1_CT1,PANDA_T1
PANDA_T1_CT2,PANDA_T1
PANDA_T1_ST1,PANDA_T1
PANDA_T2_CT1,PANDA_T2
PANDA_T2_CT2,PANDA_T2
PANDA_T2_ST1,PANDA_T2
PAP1_PAP1,PAP1
PB2SES_CT1,PB2SES
PB2SES_CT2,PB2SES
PB2SES_CT3,PB2SES
PB2SES_CT4,PB2SES
PB2SES_CT5,PB2SES
PC_NORTH_1,PC_NORTH
PC_SOUTH_ALL,PC_SOUTH
PEARSA_1_24,PEARSAL2
PENA_ALL,PENA
PENA_ALL,PENA3
PEY_RN,PEY
PH1_UNIT1_2,PH1
PH2_U1_U2,PH2
PHILLWND_ALL,PHILLWND
PHOEBE_ALL,PHOEBE
PHOENIX_RN,PHOENIX
PISG_RN_ALL,PISGAH
PITSDD_UNIT1,PITTSDDK
PLN_ALL,PLN
PNPI_GT2_RN,PNPI
POTSVIL_RN,GRIZZLY
PRID_RN,PRIDDY
PROSPERO_ALL,PROSPERO
PRO_RN,PRO
PRSPERO2_ALL,PRSPERO2
PR_PR_ALL,PR
PSA_PSA_G1,PSA
PSA_PSA_G2,PSA
PSA_PSA_G3,PSA
PSA_PSA_G4,PSA
PSA_PSA_G5,PSA
PSA_PSA_G6,PSA
PSA_PSA_G7,PSA
PSG_PSG_GT2,PSG
PSG_PSG_GT3,PSG
PSG_PSG_ST1,PSG
PTLBES_BESS1,PRTLAVS
PYR_PYRON1,PYR
QALSW_ALL,QALSW
QUEEN_BA_RN,QUEEN_BA
QUEEN_SL_RN,QUEEN_SL
RAB_G1-8,RAB
RADN_SLR_ALL,RADN_SLR
RAMBLER_UNIT,RAMBLER
RANCHERO_ALL,RANCHERO
RAT_RN_1,RATLIFF
RAYB_G78910,RAYBURN
RDCAN_RDCNY1,RDCANYON
REDBARN_RN,REDBARN
REDFISH_ALL,REDFISH
REDGATE_RN,REDGATE
RELOJ_ALL,RELOJ
REROCK_ALL,REROCK
RHESS2_ESS1,GEORSO
RIGGIN_UNIT1,RIGGINS
RIOG_ESR_RN,RIO_GRAN
RIONOG_CT1,RIONOG
RIONOG_CT2,RIONOG
RIONOG_CT3,RIONOG
RIONOG_ST1,RIONOG
RIPPEY_ALL,RIPPEY
RN_APOGEE,APOGEE
RN_BYU_G8,BYU
RN_DEC_AGR_A,DEC
RN_DEC_AGR_B,DEC
RN_DEC_AGR_C,DEC
RN_DEC_AGR_D,DEC
RN_ECEC_HOLT,ECEC
RN_OCI_ALAMO,OCI_ALM1
RN_RTS1,RTS
RN_RTS1,RTS2
RN_SR_WIND1,SANROMAN
RN_TOSBATT,TOSBATT
ROSELAND_ALL,ROSELAND
ROUTE66_RN,ROUTE_66
ROW_ALL,ROW
RPUBRDS_RN,RPUBRDS
RSK_RN,RSNAKE
RTLSNAKE_BT,RTLSNAKE
RVRVLYS_ALL,RVRVLYS
SADLBACK_RN,SADLBACK
SALVTION_GEN,SALVTION
SAMSON_ALL,SAMSON_1
SAMSON_ALL,SAMSON_3
SANDHSYD1_2,SANDHSYD
SANDHSYD3_4,SANDHSYD
SANDHSYD6_7,SANDHSYD
SANDHSYD_5AC,SANDHSYD
SANTACRU_ALL,SANTACRU
SAN_SANMIGG1,SANMIGL
SBEAN_BESS,SBEAN
SBE_RN_1,SBE
SC2SES_UNIT1,SCSES
SCES_UNIT1,SCES
SCLP_SCLPC_1,SCLPCOGN
SCLP_SCLPC_2,SCLPCOGN
SCLP_SCLPC_3,SCLPCOGN
SCLP_SCLPC_4,SCLPCOGN
SCSES_UNIT2,SCSES
SENATEWD_1,SENATEWD
SGM_SIGNALMT,SGMTN
SGSA_DGR,SGSA
SHAFFER_ALL,SHAFFER
SHANNONW_RN,SHANNONW
SIL_SILAS_10,SILASRAY
SIL_SILAS_6,SILASRAY
SIL_SILAS_9,SILASRAY
SIRIUS_UNIT1,SIRIUS
SJS_SJS_G1,SJS
SJS_SJS_G2,SJS
SKY1,SKY1
SLCN_ESS_ALL,SLCNHLS
SLTFRK_UN1_2,SALTFORK
SL_SL_G1,SL
SL_SL_G2,SL
SL_SL_G3,SL
SL_SL_G4,SL
SNY_BESS_RN,SNY_BESS
SOLARA_UNIT1,SOLARA
SPARTA_ALL,SPARTA
SPLAIN1_RN,SPLAIN1
SPLAIN2_RN,SPLAIN2
SPNC_SPNCE_4,SPNCER
SPNC_SPNCE_5,SPNCER
SPTX12B_RN,SPTX12B
SROSA_ESR_RN,S_SNROSA
SRWE1_UNIT1,SRWE1
SSPURT_WIND1,SSPURTWO
STAM_SLR_ALL,STAM_SLR
STEAM_ENG123,STEAM
STEA_STEAM_1,STEAM1A
STEA_STEAM_2,STEAM
STEA_STEAM_3,STEAM
STELLA_RN,STELLA
STP_STP_G1,STP
STP_STP_G2,STP
STRATEGC_RN,STRATEGC
STWF_T1,STWF
SUNVASLR_ALL,SUNVASLR
SWEC_G1,SWEC
SWEETWN2_2_4,SWEETWN2
SWEETWN3_3,SWEETWN3
SWEETWND_1,SWEETWND
SWOOSE1_U1,PYOTE
SWOOSEII_RN,SWOOSEII
SWTWN4_WND45,MARYNEAL
SWTWN4_WND45,SWEETWN4
SWTWN4_WND45,SWEETWN5
SWT_BESS_RN,SWT_BESS
S_HILLS_RN,S_HILLS
TAHOKA_ALL,SAGEDRAW
TAHOKA_ALL,TAHOKA
TAV_RN,TAV
TAYGETE2_ALL,TAYGETE2
TAYGETE_ALL,TAYGETE
TBWF_ES_BES1,TBWF_ESS
TC_TCHP1,TC
TEN_CT1_STG,TEN
TGCCS_ALL,TGCCS
TGS_GT01,TGS
TGW_T1_T2,TGW
THW_1_CCU,THW
THW_2_CCU,THW
THW_THWGT5X,THW
THW_THWGT_1,THW
TI_SOLAR_ALL,TI_SOLAR
TKWSW_CHAMP,CHAMPION
TKWSW_ROSCOE,TKWSW1
TNP_TNP_O_1,TNP_ONE
TNP_TNP_O_2,TNP_ONE
TNSKA_CCU,TNSKA
TOPAZ_ALL,TOPAZ
TORR_ALL,TORR
TOYAH_RN,TOYAH
TREB_SOLAR1,TREB_SLR
TRENT_TRENT,TRENT
TRINITY_ALL,TRINITY
TRIPBUT1_RN,BELD
TRSES_UNIT6,TRSES
TRUENO_ALL,TRUENO
TRUSGILL_RN,TRUSGILL
TTRSW_RN,DELILA_1
TTWEC_G1,TTWEC
TURQ_BESS1,TURQBESS
TXCTY_CTA,TXCTY
TXCTY_CTB,TXCTY
TXCTY_CTC,TXCTY
TXCTY_ST,TXCTY
TYLRWIND_RN,TYLRWIND
T_CK_GT2_RN,TY_COOKE
T_CK_GT3_RN,TY_COOKE
UCC_UCC_C_2,UCC_COGN
VANCOURT_RN,VANCOURT
VENADO_ALL,VENADO
VERAWIND_ALL,VERAWIND
VERTIGO_UN1,VERTIGO
VICTPORT_RN,VICTPORT
VICTPORT_RN,VICTPRT2
VIC_VICTORG5,VICTORIA
VIC_VICTORG6,VICTORIA
VISION_RN,VISION
VLSES_UNIT3,KMCHI
VORT_ALL_RN,VORTEX
WAKEWE_ALL,WAKEWE
WAP_WAPGT_1,WAP
WAP_WAP_G1,WAP
WAP_WAP_G2,WAP
WAP_WAP_G3,WAP
WAP_WAP_G4,WAP
WAP_WAP_G5,WAP
WAP_WAP_G6,WAP
WAP_WAP_G7,WAP
WAP_WAP_G8,WAP
WAYMARK_RN,WAYMARK
WCPP_CT1,WCPP
WCPP_CT2,WCPP
WCPP_ST1,WCPP
WEBBER_WS_T1,WEBBER_S
WEC_WECG1,WEC
WES_ALL,WES
WFCOGEN_13,WFCOGEN
WFCOGEN_24,WFCOGEN
WFTANK_ESS1,WFTANK
WGU_RN,WGU
WHCCS2_4,WHCCS2
WHCCS2_5_6,WHCCS2
WHCCS_CT1_ST,WHCCS
WHCCS_CT2,WHCCS
WHITE_PT_UN1,MIDWIND
WHMESA_U1,WHMESA
WHTTAIL_WR1,WHTTAIL
WH_WIND_ALL,WH_WIND
WILDWIND_ALL,WILDWIND
WIPOPA_1_2,WIPOPA
WIPOPA_3_4,WIPOPA
WIR_WIRTZ_G1,WIRTZ
WIR_WIRTZ_G2,WIRTZ
WLTC_ESR_RN,WEIL_TRC
WL_RANCH_RN,WL_RANCH
WNDTS2_UNIT1,WNDTHST2
WND_WHITNEY,WND
WOODWRD1_RN,WOODWRD1
WOODWRD2_RN,WOODWRD2
WOV_BESS_RN,WOV_BESS
WRSBES_BESS1,WORSHAM
W_HRL_ESR_RN,W_HARLIN
W_PECO_UNIT1,W_PECOS
X443ESRN,X443ESS1
YNG_WND_ALL,YNG_WND
